-- MySQL dump 10.10
--
-- Host: localhost    Database: everyman_syseng
-- ------------------------------------------------------
-- Server version	5.0.18

/*!40101 SET @OLD_CHARACTER_SET_CLIENT=@@CHARACTER_SET_CLIENT */;
/*!40101 SET @OLD_CHARACTER_SET_RESULTS=@@CHARACTER_SET_RESULTS */;
/*!40101 SET @OLD_COLLATION_CONNECTION=@@COLLATION_CONNECTION */;
/*!40101 SET NAMES utf8 */;
/*!40103 SET @OLD_TIME_ZONE=@@TIME_ZONE */;
/*!40103 SET TIME_ZONE='+00:00' */;
/*!40014 SET @OLD_UNIQUE_CHECKS=@@UNIQUE_CHECKS, UNIQUE_CHECKS=0 */;
/*!40014 SET @OLD_FOREIGN_KEY_CHECKS=@@FOREIGN_KEY_CHECKS, FOREIGN_KEY_CHECKS=0 */;
/*!40101 SET @OLD_SQL_MODE=@@SQL_MODE, SQL_MODE='NO_AUTO_VALUE_ON_ZERO' */;
/*!40111 SET @OLD_SQL_NOTES=@@SQL_NOTES, SQL_NOTES=0 */;

--
-- Table structure for table `ActivePerson`
--

DROP TABLE IF EXISTS `ActivePerson`;
CREATE TABLE `ActivePerson` (
  `id` int(16) unsigned NOT NULL auto_increment,
  `person_id` int(16) unsigned default NULL,
  `project_id` int(16) unsigned default NULL,
  `date` date NOT NULL,
  `hours` int(16) unsigned NOT NULL,
  `created` date NOT NULL,
  `modified` date NOT NULL,
  PRIMARY KEY  (`id`)
) ENGINE=MyISAM DEFAULT CHARSET=latin1;

--
-- Dumping data for table `ActivePerson`
--


/*!40000 ALTER TABLE `ActivePerson` DISABLE KEYS */;
LOCK TABLES `ActivePerson` WRITE;
INSERT INTO `ActivePerson` VALUES (4311,68,29,'2010-05-01',80,'2010-03-31','2010-03-31'),(4444,43,24,'2010-08-01',10,'2010-03-31','2010-03-31'),(4404,43,36,'2010-05-01',6,'2010-03-31','2010-03-31'),(5050,47,2,'2010-01-01',9,'2010-04-08','2010-04-08'),(4275,47,34,'2010-03-01',72,'2010-03-30','2010-03-30'),(4403,43,36,'2010-04-01',6,'2010-03-31','2010-03-31'),(4402,43,36,'2010-03-01',6,'2010-03-31','2010-03-31'),(4976,64,77,'2011-11-01',35,'2010-04-08','2010-04-08'),(4443,43,24,'2010-07-01',10,'2010-03-31','2010-03-31'),(5049,47,77,'2011-12-01',43,'2010-04-08','2010-04-08'),(4401,43,12,'2010-04-01',3,'2010-03-31','2010-03-31'),(4400,43,12,'2010-03-01',3,'2010-03-31','2010-03-31'),(4442,43,24,'2010-06-01',10,'2010-03-31','2010-03-31'),(4234,46,36,'2010-03-01',2,'2010-03-30','2010-03-30'),(4232,46,20,'2010-03-01',3,'2010-03-30','2010-03-30'),(4230,46,34,'2010-02-01',1,'2010-03-30','2010-03-30'),(4229,46,63,'2010-02-01',2,'2010-03-30','2010-03-30'),(4231,46,61,'2010-03-01',160,'2010-03-30','2010-03-30'),(4227,46,58,'2010-02-01',1,'2010-03-30','2010-03-30'),(4226,46,53,'2010-02-01',14,'2010-03-30','2010-03-30'),(4225,46,62,'2010-02-01',1,'2010-03-30','2010-03-30'),(4224,46,61,'2010-02-01',157,'2010-03-30','2010-03-30'),(4223,46,61,'2010-01-01',202,'2010-03-30','2010-03-30'),(4222,60,61,'2010-04-01',160,'2010-03-30','2010-03-30'),(4221,60,61,'2010-03-01',160,'2010-03-30','2010-03-30'),(4220,60,61,'2010-02-01',160,'2010-03-30','2010-03-30'),(4219,60,61,'2010-01-01',160,'2010-03-30','2010-03-30'),(4666,56,77,'2010-01-01',17,'2010-04-08','2010-04-08'),(4667,56,77,'2010-02-01',8,'2010-04-08','2010-04-08'),(4668,56,77,'2010-03-01',15,'2010-04-08','2010-04-08'),(4669,56,77,'2010-04-01',10,'2010-04-08','2010-04-08'),(4214,45,26,'2010-06-01',20,'2010-03-30','2010-03-30'),(4213,45,26,'2010-05-01',20,'2010-03-30','2010-03-30'),(4212,45,26,'2010-04-01',20,'2010-03-30','2010-03-30'),(4211,45,24,'2010-06-01',50,'2010-03-30','2010-03-30'),(4210,45,24,'2010-05-01',50,'2010-03-30','2010-03-30'),(4209,45,24,'2010-04-01',50,'2010-03-30','2010-03-30'),(4246,47,11,'2010-01-01',3,'2010-03-30','2010-03-30'),(4245,47,36,'2010-01-01',7,'2010-03-30','2010-03-30'),(4244,47,59,'2010-01-01',3,'2010-03-30','2010-03-30'),(4243,47,19,'2010-01-01',15,'2010-03-30','2010-03-30'),(4242,47,20,'2010-01-01',2,'2010-03-30','2010-03-30'),(4241,47,25,'2010-01-01',30,'2010-03-30','2010-03-30'),(4240,47,34,'2010-01-01',99,'2010-03-30','2010-03-30'),(4239,46,61,'2010-04-01',160,'2010-03-30','2010-03-30'),(4238,46,64,'2010-03-01',1,'2010-03-30','2010-03-30'),(4237,46,65,'2010-03-01',23,'2010-03-30','2010-03-30'),(4236,46,62,'2010-03-01',6,'2010-03-30','2010-03-30'),(4235,46,57,'2010-03-01',11,'2010-03-30','2010-03-30'),(4336,43,60,'2010-01-01',2,'2010-03-31','2010-03-31'),(4337,43,61,'2010-01-01',103,'2010-03-31','2010-03-31'),(4338,43,8,'2010-01-01',1,'2010-03-31','2010-03-31'),(4648,60,2,'2010-07-01',9,'2010-04-08','2010-04-08'),(4647,60,2,'2010-06-01',9,'2010-04-08','2010-04-08'),(4646,60,2,'2010-05-01',9,'2010-04-08','2010-04-08'),(4645,60,2,'2010-04-01',9,'2010-04-08','2010-04-08'),(4644,60,2,'2010-03-01',9,'2010-04-08','2010-04-08'),(4643,60,2,'2010-02-01',9,'2010-04-08','2010-04-08'),(4642,60,2,'2010-01-01',9,'2010-04-08','2010-04-08'),(4641,60,77,'2011-12-01',43,'2010-04-08','2010-04-08'),(4640,60,77,'2011-11-01',35,'2010-04-08','2010-04-08'),(4639,60,77,'2011-10-01',13,'2010-04-08','2010-04-08'),(4638,60,77,'2011-09-01',18,'2010-04-08','2010-04-08'),(4637,60,77,'2011-08-01',16,'2010-04-08','2010-04-08'),(4636,60,77,'2011-07-01',32,'2010-04-08','2010-04-08'),(4635,60,77,'2011-06-01',13,'2010-04-08','2010-04-08'),(4634,60,77,'2011-05-01',18,'2010-04-08','2010-04-08'),(4633,60,77,'2011-04-01',10,'2010-04-08','2010-04-08'),(4632,60,77,'2011-03-01',15,'2010-04-08','2010-04-08'),(4631,60,77,'2011-02-01',8,'2010-04-08','2010-04-08'),(4630,60,77,'2011-01-01',17,'2010-04-08','2010-04-08'),(4629,60,77,'2010-12-01',43,'2010-04-08','2010-04-08'),(4628,60,77,'2010-11-01',35,'2010-04-08','2010-04-08'),(4627,60,77,'2010-10-01',13,'2010-04-08','2010-04-08'),(4626,60,77,'2010-09-01',18,'2010-04-08','2010-04-08'),(4625,60,77,'2010-08-01',16,'2010-04-08','2010-04-08'),(5622,47,81,'2010-12-01',160,'2010-04-08','2010-04-08'),(5621,47,81,'2010-11-01',160,'2010-04-08','2010-04-08'),(5620,47,81,'2010-10-01',160,'2010-04-08','2010-04-08'),(5619,47,81,'2010-09-01',110,'2010-04-08','2010-04-08'),(5623,44,81,'2010-09-01',160,'2010-04-08','2010-04-08'),(5617,46,81,'2011-02-01',160,'2010-04-08','2010-04-08'),(5616,46,81,'2011-01-01',160,'2010-04-08','2010-04-08'),(5615,46,81,'2010-12-01',160,'2010-04-08','2010-04-08'),(5614,46,81,'2010-11-01',160,'2010-04-08','2010-04-08'),(5613,46,81,'2010-10-01',160,'2010-04-08','2010-04-08'),(5612,46,81,'2010-09-01',160,'2010-04-08','2010-04-08'),(5611,46,81,'2010-08-01',170,'2010-04-08','2010-04-08'),(5454,68,77,'2010-05-01',18,'2010-04-08','2010-04-08'),(5453,68,77,'2010-04-01',10,'2010-04-08','2010-04-08'),(5452,68,77,'2010-03-01',15,'2010-04-08','2010-04-08'),(5451,68,77,'2010-02-01',8,'2010-04-08','2010-04-08'),(5450,68,77,'2010-01-01',17,'2010-04-08','2010-04-08'),(5449,43,77,'2011-12-01',43,'2010-04-08','2010-04-08'),(5448,43,77,'2011-11-01',35,'2010-04-08','2010-04-08'),(5447,43,77,'2011-10-01',13,'2010-04-08','2010-04-08'),(5446,43,77,'2011-09-01',18,'2010-04-08','2010-04-08'),(5445,43,77,'2011-08-01',16,'2010-04-08','2010-04-08'),(5444,43,77,'2011-07-01',32,'2010-04-08','2010-04-08'),(5443,43,77,'2011-06-01',13,'2010-04-08','2010-04-08'),(5396,49,2,'2010-11-01',9,'2010-04-08','2010-04-08'),(5395,49,2,'2010-10-01',9,'2010-04-08','2010-04-08'),(5394,49,2,'2010-09-01',9,'2010-04-08','2010-04-08'),(5393,49,2,'2010-08-01',9,'2010-04-08','2010-04-08'),(5392,49,2,'2010-07-01',9,'2010-04-08','2010-04-08'),(5391,49,2,'2010-06-01',9,'2010-04-08','2010-04-08'),(5390,49,2,'2010-05-01',9,'2010-04-08','2010-04-08'),(5389,49,2,'2010-04-01',9,'2010-04-08','2010-04-08'),(5388,49,2,'2010-03-01',9,'2010-04-08','2010-04-08'),(5387,49,2,'2010-02-01',9,'2010-04-08','2010-04-08'),(5386,49,2,'2010-01-01',9,'2010-04-08','2010-04-08'),(5385,49,77,'2011-12-01',43,'2010-04-08','2010-04-08'),(5579,54,77,'2010-10-01',13,'2010-04-08','2010-04-08'),(4527,55,62,'2010-01-01',180,'2010-03-31','2010-03-31'),(4526,65,62,'2010-08-01',160,'2010-03-31','2010-03-31'),(4525,65,62,'2010-07-01',160,'2010-03-31','2010-03-31'),(4399,43,63,'2010-07-01',1,'2010-03-31','2010-03-31'),(4398,43,63,'2010-06-01',1,'2010-03-31','2010-03-31'),(5442,43,77,'2011-05-01',18,'2010-04-08','2010-04-08'),(5441,43,77,'2011-04-01',10,'2010-04-08','2010-04-08'),(4139,53,24,'2010-02-01',9,'2010-03-30','2010-03-30'),(4975,64,77,'2011-10-01',13,'2010-04-08','2010-04-08'),(4974,64,77,'2011-09-01',18,'2010-04-08','2010-04-08'),(5361,44,2,'2011-12-01',9,'2010-04-08','2010-04-08'),(5348,44,2,'2010-11-01',9,'2010-04-08','2010-04-08'),(5347,44,2,'2010-10-01',9,'2010-04-08','2010-04-08'),(5346,44,2,'2010-09-01',9,'2010-04-08','2010-04-08'),(5345,44,2,'2010-08-01',9,'2010-04-08','2010-04-08'),(5344,44,2,'2010-07-01',9,'2010-04-08','2010-04-08'),(5343,44,2,'2010-06-01',9,'2010-04-08','2010-04-08'),(5342,44,2,'2010-05-01',9,'2010-04-08','2010-04-08'),(5341,44,2,'2010-04-01',9,'2010-04-08','2010-04-08'),(5340,44,2,'2010-03-01',9,'2010-04-08','2010-04-08'),(5339,44,2,'2010-02-01',9,'2010-04-08','2010-04-08'),(5338,44,2,'2010-01-01',9,'2010-04-08','2010-04-08'),(5337,44,77,'2011-12-01',43,'2010-04-08','2010-04-08'),(5327,44,77,'2011-02-01',8,'2010-04-08','2010-04-08'),(5326,44,77,'2011-01-01',17,'2010-04-08','2010-04-08'),(5325,44,77,'2010-12-01',43,'2010-04-08','2010-04-08'),(5324,44,77,'2010-11-01',35,'2010-04-08','2010-04-08'),(5323,44,77,'2010-10-01',13,'2010-04-08','2010-04-08'),(5322,44,77,'2010-09-01',18,'2010-04-08','2010-04-08'),(5321,44,77,'2010-08-01',16,'2010-04-08','2010-04-08'),(5320,44,77,'2010-07-01',32,'2010-04-08','2010-04-08'),(5319,44,77,'2010-06-01',13,'2010-04-08','2010-04-08'),(5318,44,77,'2010-05-01',18,'2010-04-08','2010-04-08'),(5317,44,77,'2010-04-01',10,'2010-04-08','2010-04-08'),(5316,44,77,'2010-03-01',15,'2010-04-08','2010-04-08'),(5260,66,2,'2011-07-01',9,'2010-04-08','2010-04-08'),(5259,66,2,'2011-06-01',9,'2010-04-08','2010-04-08'),(5258,66,2,'2011-05-01',9,'2010-04-08','2010-04-08'),(5257,66,2,'2011-04-01',9,'2010-04-08','2010-04-08'),(5256,66,2,'2011-03-01',9,'2010-04-08','2010-04-08'),(5255,66,2,'2011-02-01',9,'2010-04-08','2010-04-08'),(5254,66,2,'2011-01-01',9,'2010-04-08','2010-04-08'),(5253,66,2,'2010-12-01',9,'2010-04-08','2010-04-08'),(5252,66,2,'2010-11-01',9,'2010-04-08','2010-04-08'),(5251,66,2,'2010-10-01',9,'2010-04-08','2010-04-08'),(5250,66,2,'2010-09-01',9,'2010-04-08','2010-04-08'),(5249,66,2,'2010-08-01',9,'2010-04-08','2010-04-08'),(5224,66,77,'2010-07-01',32,'2010-04-08','2010-04-08'),(5223,66,77,'2010-06-01',13,'2010-04-08','2010-04-08'),(5222,66,77,'2010-05-01',18,'2010-04-08','2010-04-08'),(5221,66,77,'2010-04-01',10,'2010-04-08','2010-04-08'),(5220,66,77,'2010-03-01',15,'2010-04-08','2010-04-08'),(5219,66,77,'2010-02-01',8,'2010-04-08','2010-04-08'),(5218,66,77,'2010-01-01',17,'2010-04-08','2010-04-08'),(5217,65,2,'2011-12-01',9,'2010-04-08','2010-04-08'),(5216,65,2,'2011-11-01',9,'2010-04-08','2010-04-08'),(5215,65,2,'2011-10-01',9,'2010-04-08','2010-04-08'),(5214,65,2,'2011-09-01',9,'2010-04-08','2010-04-08'),(5213,65,2,'2011-08-01',9,'2010-04-08','2010-04-08'),(5187,65,77,'2011-06-01',13,'2010-04-08','2010-04-08'),(5186,65,77,'2011-05-01',18,'2010-04-08','2010-04-08'),(5185,65,77,'2011-04-01',10,'2010-04-08','2010-04-08'),(5184,65,77,'2011-03-01',15,'2010-04-08','2010-04-08'),(5183,65,77,'2011-02-01',8,'2010-04-08','2010-04-08'),(5182,65,77,'2011-01-01',17,'2010-04-08','2010-04-08'),(5181,65,77,'2010-12-01',43,'2010-04-08','2010-04-08'),(5180,65,77,'2010-11-01',35,'2010-04-08','2010-04-08'),(5179,65,77,'2010-10-01',13,'2010-04-08','2010-04-08'),(5178,65,77,'2010-09-01',18,'2010-04-08','2010-04-08'),(5177,65,77,'2010-08-01',16,'2010-04-08','2010-04-08'),(5176,65,77,'2010-07-01',32,'2010-04-08','2010-04-08'),(5131,48,77,'2010-10-01',13,'2010-04-08','2010-04-08'),(5130,48,77,'2010-09-01',18,'2010-04-08','2010-04-08'),(5129,48,77,'2010-08-01',16,'2010-04-08','2010-04-08'),(5128,48,77,'2010-07-01',32,'2010-04-08','2010-04-08'),(5127,48,77,'2010-06-01',13,'2010-04-08','2010-04-08'),(5126,48,77,'2010-05-01',18,'2010-04-08','2010-04-08'),(5125,48,77,'2010-04-01',10,'2010-04-08','2010-04-08'),(5124,48,77,'2010-03-01',15,'2010-04-08','2010-04-08'),(5123,48,77,'2010-02-01',8,'2010-04-08','2010-04-08'),(5122,48,77,'2010-01-01',18,'2010-04-08','2010-04-08'),(5121,53,2,'2011-12-01',9,'2010-04-08','2010-04-08'),(5120,53,2,'2011-11-01',9,'2010-04-08','2010-04-08'),(5078,53,77,'2010-05-01',18,'2010-04-08','2010-04-08'),(5077,53,77,'2010-04-01',10,'2010-04-08','2010-04-08'),(5076,53,77,'2010-03-01',15,'2010-04-08','2010-04-08'),(5075,53,77,'2010-02-01',8,'2010-04-08','2010-04-08'),(5074,53,77,'2010-01-01',17,'2010-04-08','2010-04-08'),(5073,47,2,'2011-12-01',9,'2010-04-08','2010-04-08'),(5072,47,2,'2011-11-01',9,'2010-04-08','2010-04-08'),(5071,47,2,'2011-10-01',9,'2010-04-08','2010-04-08'),(5070,47,2,'2011-09-01',9,'2010-04-08','2010-04-08'),(5069,47,2,'2011-08-01',9,'2010-04-08','2010-04-08'),(5068,47,2,'2011-07-01',9,'2010-04-08','2010-04-08'),(5067,47,2,'2011-06-01',9,'2010-04-08','2010-04-08'),(5048,47,77,'2011-11-01',35,'2010-04-08','2010-04-08'),(5047,47,77,'2011-10-01',13,'2010-04-08','2010-04-08'),(5046,47,77,'2011-09-01',18,'2010-04-08','2010-04-08'),(5045,47,77,'2011-08-01',16,'2010-04-08','2010-04-08'),(5044,47,77,'2011-07-01',32,'2010-04-08','2010-04-08'),(5043,47,77,'2011-06-01',13,'2010-04-08','2010-04-08'),(5042,47,77,'2011-05-01',18,'2010-04-08','2010-04-08'),(5041,47,77,'2011-04-01',10,'2010-04-08','2010-04-08'),(5040,47,77,'2011-03-01',15,'2010-04-08','2010-04-08'),(5039,47,77,'2011-02-01',8,'2010-04-08','2010-04-08'),(5038,47,77,'2011-01-01',17,'2010-04-08','2010-04-08'),(5037,47,77,'2010-12-01',43,'2010-04-08','2010-04-08'),(5036,47,77,'2010-11-01',35,'2010-04-08','2010-04-08'),(5035,47,77,'2010-10-01',13,'2010-04-08','2010-04-08'),(5034,47,77,'2010-09-01',18,'2010-04-08','2010-04-08'),(5033,47,77,'2010-08-01',16,'2010-04-08','2010-04-08'),(5032,47,77,'2010-07-01',32,'2010-04-08','2010-04-08'),(5031,47,77,'2010-06-01',13,'2010-04-08','2010-04-08'),(5030,47,77,'2010-05-01',18,'2010-04-08','2010-04-08'),(5029,47,77,'2010-04-01',10,'2010-04-08','2010-04-08'),(5028,47,77,'2010-03-01',15,'2010-04-08','2010-04-08'),(5027,47,77,'2010-02-01',8,'2010-04-08','2010-04-08'),(5026,47,77,'2010-01-01',17,'2010-04-08','2010-04-08'),(5025,46,2,'2011-12-01',9,'2010-04-08','2010-04-08'),(4973,64,77,'2011-08-01',16,'2010-04-08','2010-04-08'),(4972,64,77,'2011-07-01',32,'2010-04-08','2010-04-08'),(4971,64,77,'2011-06-01',13,'2010-04-08','2010-04-08'),(4970,64,77,'2011-05-01',18,'2010-04-08','2010-04-08'),(4969,64,77,'2011-04-01',10,'2010-04-08','2010-04-08'),(4968,64,77,'2011-03-01',15,'2010-04-08','2010-04-08'),(4967,64,77,'2011-02-01',8,'2010-04-08','2010-04-08'),(4966,64,77,'2011-01-01',17,'2010-04-08','2010-04-08'),(4965,64,77,'2010-12-01',43,'2010-04-08','2010-04-08'),(4964,64,77,'2010-11-01',35,'2010-04-08','2010-04-08'),(4963,64,77,'2010-10-01',13,'2010-04-08','2010-04-08'),(4962,64,77,'2010-09-01',18,'2010-04-08','2010-04-08'),(4929,45,2,'2011-12-01',9,'2010-04-08','2010-04-08'),(4928,45,2,'2011-11-01',9,'2010-04-08','2010-04-08'),(4927,45,2,'2011-10-01',9,'2010-04-08','2010-04-08'),(4926,45,2,'2011-09-01',9,'2010-04-08','2010-04-08'),(4925,45,2,'2011-08-01',9,'2010-04-08','2010-04-08'),(4924,45,2,'2011-07-01',9,'2010-04-08','2010-04-08'),(4923,45,2,'2011-06-01',9,'2010-04-08','2010-04-08'),(4922,45,2,'2011-05-01',9,'2010-04-08','2010-04-08'),(4921,45,2,'2011-04-01',9,'2010-04-08','2010-04-08'),(4920,45,2,'2011-03-01',9,'2010-04-08','2010-04-08'),(4919,45,2,'2011-02-01',9,'2010-04-08','2010-04-08'),(4918,45,2,'2011-01-01',9,'2010-04-08','2010-04-08'),(4886,45,77,'2010-05-01',18,'2010-04-08','2010-04-08'),(4885,45,77,'2010-04-01',10,'2010-04-08','2010-04-08'),(4884,45,77,'2010-03-01',15,'2010-04-08','2010-04-08'),(4883,45,77,'2010-02-01',8,'2010-04-08','2010-04-08'),(4882,45,77,'2010-01-01',17,'2010-04-08','2010-04-08'),(4881,52,77,'2011-12-01',43,'2010-04-08','2010-04-08'),(4880,52,77,'2011-11-01',35,'2010-04-08','2010-04-08'),(4879,52,77,'2011-10-01',13,'2010-04-08','2010-04-08'),(4878,52,77,'2011-09-01',18,'2010-04-08','2010-04-08'),(4877,52,77,'2011-08-01',16,'2010-04-08','2010-04-08'),(4876,52,77,'2011-07-01',32,'2010-04-08','2010-04-08'),(4875,52,77,'2011-06-01',13,'2010-04-08','2010-04-08'),(4874,52,77,'2011-05-01',18,'2010-04-08','2010-04-08'),(4873,52,77,'2011-04-01',10,'2010-04-08','2010-04-08'),(4872,52,77,'2011-03-01',15,'2010-04-08','2010-04-08'),(4871,52,77,'2011-02-01',8,'2010-04-08','2010-04-08'),(4870,52,77,'2011-01-01',17,'2010-04-08','2010-04-08'),(4869,52,77,'2010-12-01',43,'2010-04-08','2010-04-08'),(4868,52,77,'2010-11-01',35,'2010-04-08','2010-04-08'),(4867,52,77,'2010-10-01',13,'2010-04-08','2010-04-08'),(4866,52,77,'2010-09-01',18,'2010-04-08','2010-04-08'),(4865,52,77,'2010-08-01',16,'2010-04-08','2010-04-08'),(4864,52,77,'2010-07-01',32,'2010-04-08','2010-04-08'),(4863,52,77,'2010-06-01',13,'2010-04-08','2010-04-08'),(4751,61,2,'2011-02-01',9,'2010-04-08','2010-04-08'),(4750,61,2,'2011-01-01',9,'2010-04-08','2010-04-08'),(4749,61,2,'2010-12-01',9,'2010-04-08','2010-04-08'),(4748,61,2,'2010-11-01',9,'2010-04-08','2010-04-08'),(4747,61,2,'2010-10-01',9,'2010-04-08','2010-04-08'),(4746,61,2,'2010-09-01',9,'2010-04-08','2010-04-08'),(4745,61,2,'2010-08-01',9,'2010-04-08','2010-04-08'),(4744,61,2,'2010-07-01',9,'2010-04-08','2010-04-08'),(4743,61,2,'2010-06-01',9,'2010-04-08','2010-04-08'),(4742,61,2,'2010-05-01',9,'2010-04-08','2010-04-08'),(4741,61,2,'2010-04-01',9,'2010-04-08','2010-04-08'),(4740,61,2,'2010-03-01',9,'2010-04-08','2010-04-08'),(4703,56,2,'2011-02-01',9,'2010-04-08','2010-04-08'),(4702,56,2,'2011-01-01',9,'2010-04-08','2010-04-08'),(4701,56,2,'2010-12-01',9,'2010-04-08','2010-04-08'),(4700,56,2,'2010-11-01',9,'2010-04-08','2010-04-08'),(4699,56,2,'2010-10-01',9,'2010-04-08','2010-04-08'),(4698,56,2,'2010-09-01',9,'2010-04-08','2010-04-08'),(4697,56,2,'2010-08-01',9,'2010-04-08','2010-04-08'),(4696,56,2,'2010-07-01',9,'2010-04-08','2010-04-08'),(4695,56,2,'2010-06-01',9,'2010-04-08','2010-04-08'),(4694,56,2,'2010-05-01',9,'2010-04-08','2010-04-08'),(4693,56,2,'2010-04-01',9,'2010-04-08','2010-04-08'),(4692,56,2,'2010-03-01',9,'2010-04-08','2010-04-08'),(5543,69,2,'2011-10-01',9,'2010-04-08','2010-04-08'),(5578,54,77,'2010-09-01',18,'2010-04-08','2010-04-08'),(4138,53,57,'2010-03-01',30,'2010-03-30','2010-03-30'),(5577,54,77,'2010-08-01',16,'2010-04-08','2010-04-08'),(5576,54,77,'2010-07-01',32,'2010-04-08','2010-04-08'),(5575,54,77,'2010-06-01',13,'2010-04-08','2010-04-08'),(5574,54,77,'2010-05-01',18,'2010-04-08','2010-04-08'),(5573,54,77,'2010-04-01',10,'2010-04-08','2010-04-08'),(5572,54,77,'2010-03-01',15,'2010-04-08','2010-04-08'),(5571,54,77,'2010-02-01',8,'2010-04-08','2010-04-08'),(5570,54,77,'2010-01-01',17,'2010-04-08','2010-04-08'),(5569,54,2,'2011-12-01',9,'2010-04-08','2010-04-08'),(4524,65,62,'2010-06-01',160,'2010-03-31','2010-03-31'),(4523,65,62,'2010-05-01',160,'2010-03-31','2010-03-31'),(4522,65,62,'2010-04-01',160,'2010-03-31','2010-03-31'),(4521,65,62,'2010-03-01',180,'2010-03-31','2010-03-31'),(4520,65,62,'2010-02-01',152,'2010-03-31','2010-03-31'),(4519,65,62,'2010-01-01',150,'2010-03-31','2010-03-31'),(4518,58,19,'2010-05-01',80,'2010-03-31','2010-03-31'),(4517,58,19,'2010-04-01',80,'2010-03-31','2010-03-31'),(4516,51,13,'2010-04-01',20,'2010-03-31','2010-03-31'),(4515,51,13,'2010-03-01',25,'2010-03-31','2010-03-31'),(4514,51,23,'2010-04-01',60,'2010-03-31','2010-03-31'),(4513,51,23,'2010-03-01',60,'2010-03-31','2010-03-31'),(5568,54,2,'2011-11-01',9,'2010-04-08','2010-04-08'),(5567,54,2,'2011-10-01',9,'2010-04-08','2010-04-08'),(5566,54,2,'2011-09-01',9,'2010-04-08','2010-04-08'),(4137,53,57,'2010-02-01',25,'2010-03-30','2010-03-30'),(4310,68,12,'2010-03-01',2,'2010-03-31','2010-03-31'),(4309,68,62,'2010-03-01',170,'2010-03-31','2010-03-31'),(4308,68,62,'2010-02-01',161,'2010-03-31','2010-03-31'),(4307,68,71,'2010-01-01',10,'2010-03-31','2010-03-31'),(4306,68,62,'2010-01-01',145,'2010-03-31','2010-03-31'),(4305,68,29,'2010-01-01',2,'2010-03-31','2010-03-31'),(4961,64,77,'2010-08-01',16,'2010-04-08','2010-04-08'),(4960,64,77,'2010-07-01',32,'2010-04-08','2010-04-08'),(4496,67,4,'2010-01-01',13,'2010-03-31','2010-03-31'),(4495,67,61,'2010-01-01',227,'2010-03-31','2010-03-31'),(4494,44,75,'2010-05-01',100,'2010-03-31','2010-03-31'),(4484,57,19,'2010-04-01',160,'2010-03-31','2010-03-31'),(4483,57,62,'2010-03-01',160,'2010-03-31','2010-03-31'),(4482,57,62,'2010-02-01',160,'2010-03-31','2010-03-31'),(4617,56,36,'2010-04-01',40,'2010-04-08','2010-04-08'),(4618,60,77,'2010-01-01',17,'2010-04-08','2010-04-08'),(4619,60,77,'2010-02-01',8,'2010-04-08','2010-04-08'),(4620,60,77,'2010-03-01',15,'2010-04-08','2010-04-08'),(4476,43,73,'2010-08-01',15,'2010-03-31','2010-03-31'),(4475,43,73,'2010-07-01',15,'2010-03-31','2010-03-31'),(4615,47,20,'2010-06-01',40,'2010-04-08','2010-04-08'),(4613,56,62,'2010-04-01',120,'2010-03-31','2010-03-31'),(4612,56,34,'2010-05-01',160,'2010-03-31','2010-03-31'),(4611,56,62,'2010-03-01',150,'2010-03-31','2010-03-31'),(4610,56,36,'2010-03-01',13,'2010-03-31','2010-03-31'),(4609,56,12,'2010-02-01',12,'2010-03-31','2010-03-31'),(4608,56,34,'2010-02-01',7,'2010-03-31','2010-03-31'),(4607,56,62,'2010-02-01',96,'2010-03-31','2010-03-31'),(4606,56,55,'2010-02-01',9,'2010-03-31','2010-03-31'),(4605,56,4,'2010-01-01',15,'2010-03-31','2010-03-31'),(4604,56,55,'2010-01-01',6,'2010-03-31','2010-03-31'),(4603,56,62,'2010-01-01',140,'2010-03-31','2010-03-31'),(4862,52,77,'2010-05-01',18,'2010-04-08','2010-04-08'),(4861,52,77,'2010-04-01',10,'2010-04-08','2010-04-08'),(4397,43,63,'2010-05-01',1,'2010-03-31','2010-03-31'),(4441,43,24,'2010-05-01',10,'2010-03-31','2010-03-31'),(4440,43,24,'2010-04-01',10,'2010-03-31','2010-03-31'),(4439,43,24,'2010-03-01',10,'2010-03-31','2010-03-31'),(4438,43,10,'2010-08-01',2,'2010-03-31','2010-03-31'),(4437,43,29,'2010-08-01',10,'2010-03-31','2010-03-31'),(4436,43,29,'2010-07-01',10,'2010-03-31','2010-03-31'),(4435,43,29,'2010-06-01',10,'2010-03-31','2010-03-31'),(4434,43,29,'2010-05-01',10,'2010-03-31','2010-03-31'),(4433,43,29,'2010-04-01',10,'2010-03-31','2010-03-31'),(4432,43,29,'2010-03-01',8,'2010-03-31','2010-03-31'),(4431,43,23,'2010-08-01',20,'2010-03-31','2010-03-31'),(4430,43,23,'2010-07-01',20,'2010-03-31','2010-03-31'),(4602,70,23,'2010-04-01',60,'2010-03-31','2010-03-31'),(4601,70,23,'2010-03-01',70,'2010-03-31','2010-03-31'),(4600,70,23,'2010-02-01',70,'2010-03-31','2010-03-31'),(4599,70,23,'2010-01-01',60,'2010-03-31','2010-03-31'),(4598,71,29,'2010-03-01',160,'2010-03-31','2010-03-31'),(4597,71,29,'2010-02-01',160,'2010-03-31','2010-03-31'),(4596,71,29,'2010-01-01',160,'2010-03-31','2010-03-31'),(4595,61,37,'2010-05-01',120,'2010-03-31','2010-03-31'),(4594,61,37,'2010-04-01',120,'2010-03-31','2010-03-31'),(4593,61,19,'2010-05-01',20,'2010-03-31','2010-03-31'),(5119,53,2,'2011-10-01',9,'2010-04-08','2010-04-08'),(5118,53,2,'2011-09-01',9,'2010-04-08','2010-04-08'),(4396,43,63,'2010-04-01',1,'2010-03-31','2010-03-31'),(4395,43,63,'2010-03-01',1,'2010-03-31','2010-03-31'),(4394,43,64,'2010-07-01',3,'2010-03-31','2010-03-31'),(4393,43,64,'2010-06-01',3,'2010-03-31','2010-03-31'),(4392,43,64,'2010-05-01',3,'2010-03-31','2010-03-31'),(4391,43,64,'2010-04-01',3,'2010-03-31','2010-03-31'),(4390,43,64,'2010-03-01',3,'2010-03-31','2010-03-31'),(4389,43,62,'2010-08-01',5,'2010-03-31','2010-03-31'),(4388,43,62,'2010-07-01',5,'2010-03-31','2010-03-31'),(4387,43,62,'2010-06-01',5,'2010-03-31','2010-03-31'),(4386,43,62,'2010-05-01',5,'2010-03-31','2010-03-31'),(4385,43,62,'2010-04-01',5,'2010-03-31','2010-03-31'),(4592,61,19,'2010-04-01',20,'2010-03-31','2010-03-31'),(5674,60,49,'2011-12-01',132,'2010-04-08','2010-04-08'),(4591,61,12,'2010-05-01',20,'2010-03-31','2010-03-31'),(4590,61,12,'2010-04-01',20,'2010-03-31','2010-03-31'),(4691,56,2,'2010-02-01',9,'2010-04-08','2010-04-08'),(4690,56,2,'2010-01-01',9,'2010-04-08','2010-04-08'),(4589,61,37,'2010-03-01',110,'2010-03-31','2010-03-31'),(5212,65,2,'2011-07-01',9,'2010-04-08','2010-04-08'),(5440,43,77,'2011-03-01',15,'2010-04-08','2010-04-08'),(5439,43,77,'2011-02-01',8,'2010-04-08','2010-04-08'),(5438,43,77,'2011-01-01',17,'2010-04-08','2010-04-08'),(5437,43,77,'2010-12-01',43,'2010-04-08','2010-04-08'),(4367,43,59,'2010-02-01',1,'2010-03-31','2010-03-31'),(4366,43,36,'2010-02-01',4,'2010-03-31','2010-03-31'),(4365,43,58,'2010-02-01',1,'2010-03-31','2010-03-31'),(4364,43,57,'2010-02-01',2,'2010-03-31','2010-03-31'),(4363,43,53,'2010-02-01',6,'2010-03-31','2010-03-31'),(4362,43,64,'2010-02-01',1,'2010-03-31','2010-03-31'),(4361,43,11,'2010-02-01',1,'2010-03-31','2010-03-31'),(4360,43,62,'2010-02-01',2,'2010-03-31','2010-03-31'),(4359,43,10,'2010-02-01',2,'2010-03-31','2010-03-31'),(4358,43,61,'2010-02-01',33,'2010-03-31','2010-03-31'),(4357,43,60,'2010-02-01',1,'2010-03-31','2010-03-31'),(4356,43,8,'2010-02-01',3,'2010-03-31','2010-03-31'),(4739,61,2,'2010-02-01',9,'2010-04-08','2010-04-08'),(4738,61,2,'2010-01-01',9,'2010-04-08','2010-04-08'),(5384,49,77,'2011-11-01',35,'2010-04-08','2010-04-08'),(5383,49,77,'2011-10-01',13,'2010-04-08','2010-04-08'),(5382,49,77,'2011-09-01',18,'2010-04-08','2010-04-08'),(5381,49,77,'2011-08-01',16,'2010-04-08','2010-04-08'),(5380,49,77,'2011-07-01',32,'2010-04-08','2010-04-08'),(5379,49,77,'2011-06-01',13,'2010-04-08','2010-04-08'),(5378,49,77,'2011-05-01',18,'2010-04-08','2010-04-08'),(5565,54,2,'2011-08-01',9,'2010-04-08','2010-04-08'),(5564,54,2,'2011-07-01',9,'2010-04-08','2010-04-08'),(5563,54,2,'2011-06-01',9,'2010-04-08','2010-04-08'),(4304,47,19,'2010-07-01',40,'2010-03-31','2010-03-31'),(4303,47,19,'2010-06-01',40,'2010-03-31','2010-03-31'),(4302,47,19,'2010-05-01',40,'2010-03-31','2010-03-31'),(4301,48,53,'2010-08-01',80,'2010-03-31','2010-03-31'),(4300,48,53,'2010-07-01',80,'2010-03-31','2010-03-31'),(4299,47,53,'2010-08-01',40,'2010-03-31','2010-03-31'),(4298,47,53,'2010-07-01',40,'2010-03-31','2010-03-31'),(4297,48,53,'2010-06-01',40,'2010-03-30','2010-03-30'),(4296,48,53,'2010-05-01',40,'2010-03-30','2010-03-30'),(4295,48,62,'2010-04-01',80,'2010-03-30','2010-03-30'),(4294,47,53,'2010-06-01',80,'2010-03-30','2010-03-30'),(4293,47,53,'2010-05-01',80,'2010-03-30','2010-03-30'),(5673,46,49,'2011-11-01',136,'2010-04-08','2010-04-08'),(4588,61,62,'2010-03-01',1,'2010-03-31','2010-03-31'),(4587,61,19,'2010-03-01',28,'2010-03-31','2010-03-31'),(4586,61,12,'2010-03-01',30,'2010-03-31','2010-03-31'),(4585,61,62,'2010-02-01',2,'2010-03-31','2010-03-31'),(4584,61,19,'2010-02-01',94,'2010-03-31','2010-03-31'),(4583,61,12,'2010-02-01',53,'2010-03-31','2010-03-31'),(5024,46,2,'2011-11-01',9,'2010-04-08','2010-04-08'),(5562,54,2,'2011-05-01',9,'2010-04-08','2010-04-08'),(5561,54,2,'2011-04-01',9,'2010-04-08','2010-04-08'),(5023,46,2,'2011-10-01',9,'2010-04-08','2010-04-08'),(5672,60,49,'2011-11-01',140,'2010-04-08','2010-04-08'),(4274,47,25,'2010-03-01',1,'2010-03-30','2010-03-30'),(4273,47,23,'2010-03-01',5,'2010-03-30','2010-03-30'),(4272,47,20,'2010-03-01',60,'2010-03-30','2010-03-30'),(4271,47,19,'2010-03-01',6,'2010-03-30','2010-03-30'),(4270,47,59,'2010-03-01',3,'2010-03-30','2010-03-30'),(4269,47,12,'2010-03-01',1,'2010-03-30','2010-03-30'),(4268,47,53,'2010-03-01',3,'2010-03-30','2010-03-30'),(4267,47,62,'2010-03-01',4,'2010-03-30','2010-03-30'),(4266,47,10,'2010-03-01',1,'2010-03-30','2010-03-30'),(4265,47,66,'2010-03-01',6,'2010-03-30','2010-03-30'),(4264,47,55,'2010-03-01',5,'2010-03-30','2010-03-30'),(4263,47,4,'2010-03-01',10,'2010-03-30','2010-03-30'),(4582,61,12,'2010-01-01',158,'2010-03-31','2010-03-31'),(5671,46,49,'2011-10-01',70,'2010-04-08','2010-04-08'),(5670,60,49,'2011-10-01',78,'2010-04-08','2010-04-08'),(5669,46,49,'2011-09-01',80,'2010-04-08','2010-04-08'),(5668,46,49,'2011-08-01',32,'2010-04-08','2010-04-08'),(5667,60,49,'2011-09-01',81,'2010-04-08','2010-04-08'),(5666,60,49,'2011-08-01',32,'2010-04-08','2010-04-08'),(5665,46,49,'2011-07-01',50,'2010-04-08','2010-04-08'),(5664,60,49,'2011-07-01',58,'2010-04-08','2010-04-08'),(5022,46,2,'2011-09-01',9,'2010-04-08','2010-04-08'),(5021,46,2,'2011-08-01',9,'2010-04-08','2010-04-08'),(5020,46,2,'2011-07-01',9,'2010-04-08','2010-04-08'),(4474,43,73,'2010-06-01',15,'2010-03-31','2010-03-31'),(4473,43,73,'2010-05-01',15,'2010-03-31','2010-03-31'),(4472,43,73,'2010-04-01',15,'2010-03-31','2010-03-31'),(4471,43,73,'2010-03-01',1,'2010-03-31','2010-03-31'),(5175,65,77,'2010-06-01',13,'2010-04-08','2010-04-08'),(5174,65,77,'2010-05-01',18,'2010-04-08','2010-04-08'),(5173,65,77,'2010-04-01',10,'2010-04-08','2010-04-08'),(5172,65,77,'2010-03-01',15,'2010-04-08','2010-04-08'),(5019,46,2,'2011-06-01',9,'2010-04-08','2010-04-08'),(5018,46,2,'2011-05-01',9,'2010-04-08','2010-04-08'),(5017,46,2,'2011-04-01',9,'2010-04-08','2010-04-08'),(5016,46,2,'2011-03-01',9,'2010-04-08','2010-04-08'),(4384,43,62,'2010-03-01',2,'2010-03-31','2010-03-31'),(4383,43,11,'2010-03-01',1,'2010-03-31','2010-03-31'),(4382,43,10,'2010-07-01',2,'2010-03-31','2010-03-31'),(4381,43,10,'2010-06-01',2,'2010-03-31','2010-03-31'),(4380,43,10,'2010-05-01',2,'2010-03-31','2010-03-31'),(4379,43,10,'2010-04-01',2,'2010-03-31','2010-03-31'),(4378,43,10,'2010-03-01',2,'2010-03-31','2010-03-31'),(4377,43,65,'2010-03-01',1,'2010-03-31','2010-03-31'),(4376,43,2,'2010-02-01',35,'2010-03-31','2010-03-31'),(4375,43,34,'2010-02-01',1,'2010-03-31','2010-03-31'),(4374,43,25,'2010-02-01',11,'2010-03-31','2010-03-31'),(4373,43,24,'2010-02-01',9,'2010-03-31','2010-03-31'),(4354,43,72,'2010-02-01',3,'2010-03-31','2010-03-31'),(4353,43,2,'2010-01-01',16,'2010-03-31','2010-03-31'),(4352,43,34,'2010-01-01',13,'2010-03-31','2010-03-31'),(4351,43,25,'2010-01-01',10,'2010-03-31','2010-03-31'),(4350,43,24,'2010-01-01',3,'2010-03-31','2010-03-31'),(4349,43,29,'2010-01-01',9,'2010-03-31','2010-03-31'),(4348,43,73,'2010-01-01',1,'2010-03-31','2010-03-31'),(4347,43,74,'2010-01-01',6,'2010-03-31','2010-03-31'),(4346,43,18,'2010-01-01',1,'2010-03-31','2010-03-31'),(5610,47,81,'2010-08-01',170,'2010-04-08','2010-04-08'),(5609,44,80,'2010-12-01',40,'2010-04-08','2010-04-08'),(5608,47,80,'2010-12-01',40,'2010-04-08','2010-04-08'),(5607,52,80,'2010-12-01',40,'2010-04-08','2010-04-08'),(5606,44,80,'2010-08-01',40,'2010-04-08','2010-04-08'),(5605,47,80,'2010-08-01',80,'2010-04-08','2010-04-08'),(5604,52,80,'2010-08-01',160,'2010-04-08','2010-04-08'),(5603,44,80,'2010-07-01',120,'2010-04-08','2010-04-08'),(5602,52,80,'2010-07-01',160,'2010-04-08','2010-04-08'),(5601,47,80,'2010-07-01',40,'2010-04-08','2010-04-08'),(5600,60,78,'2011-03-01',40,'2010-04-08','2010-04-08'),(5599,60,78,'2011-02-01',40,'2010-04-08','2010-04-08'),(5598,60,78,'2011-01-01',40,'2010-04-08','2010-04-08'),(5597,60,78,'2010-12-01',10,'2010-04-08','2010-04-08'),(5596,60,78,'2010-11-01',10,'2010-04-08','2010-04-08'),(5377,49,77,'2011-04-01',10,'2010-04-08','2010-04-08'),(5376,49,77,'2011-03-01',15,'2010-04-08','2010-04-08'),(5375,49,77,'2011-02-01',8,'2010-04-08','2010-04-08'),(5374,49,77,'2011-01-01',17,'2010-04-08','2010-04-08'),(5373,49,77,'2010-12-01',43,'2010-04-08','2010-04-08'),(5372,49,77,'2010-11-01',35,'2010-04-08','2010-04-08'),(5371,49,77,'2010-10-01',13,'2010-04-08','2010-04-08'),(4345,43,36,'2010-01-01',1,'2010-03-31','2010-03-31'),(4344,43,12,'2010-01-01',1,'2010-03-31','2010-03-31'),(4343,43,57,'2010-01-01',2,'2010-03-31','2010-03-31'),(4335,43,5,'2010-01-01',1,'2010-03-31','2010-03-31'),(4334,43,4,'2010-01-01',6,'2010-03-31','2010-03-31'),(4333,69,34,'2010-07-01',160,'2010-03-31','2010-03-31'),(4332,69,34,'2010-06-01',160,'2010-03-31','2010-03-31'),(4331,69,34,'2010-05-01',160,'2010-03-31','2010-03-31'),(5015,46,2,'2011-02-01',9,'2010-04-08','2010-04-08'),(5014,46,2,'2011-01-01',9,'2010-04-08','2010-04-08'),(5013,46,2,'2010-12-01',9,'2010-04-08','2010-04-08'),(4737,61,77,'2011-12-01',43,'2010-04-08','2010-04-08'),(4736,61,77,'2011-11-01',35,'2010-04-08','2010-04-08'),(4735,61,77,'2011-10-01',13,'2010-04-08','2010-04-08'),(4734,61,77,'2011-09-01',18,'2010-04-08','2010-04-08'),(4733,61,77,'2011-08-01',16,'2010-04-08','2010-04-08'),(4732,61,77,'2011-07-01',32,'2010-04-08','2010-04-08'),(4731,61,77,'2011-06-01',13,'2010-04-08','2010-04-08'),(4730,61,77,'2011-05-01',18,'2010-04-08','2010-04-08'),(4729,61,77,'2011-04-01',10,'2010-04-08','2010-04-08'),(4728,61,77,'2011-03-01',15,'2010-04-08','2010-04-08'),(4727,61,77,'2011-02-01',8,'2010-04-08','2010-04-08'),(4726,61,77,'2011-01-01',17,'2010-04-08','2010-04-08'),(4725,61,77,'2010-12-01',43,'2010-04-08','2010-04-08'),(4724,61,77,'2010-11-01',35,'2010-04-08','2010-04-08'),(4723,61,77,'2010-10-01',13,'2010-04-08','2010-04-08'),(4722,61,77,'2010-09-01',18,'2010-04-08','2010-04-08'),(4721,61,77,'2010-08-01',16,'2010-04-08','2010-04-08'),(4720,61,77,'2010-07-01',32,'2010-04-08','2010-04-08'),(4719,61,77,'2010-06-01',13,'2010-04-08','2010-04-08'),(4718,61,77,'2010-05-01',18,'2010-04-08','2010-04-08'),(4717,61,77,'2010-04-01',10,'2010-04-08','2010-04-08'),(4716,61,77,'2010-03-01',15,'2010-04-08','2010-04-08'),(4715,61,77,'2010-02-01',8,'2010-04-08','2010-04-08'),(4714,61,77,'2010-01-01',17,'2010-04-08','2010-04-08'),(4208,45,4,'2010-04-01',20,'2010-03-30','2010-03-30'),(4207,45,57,'2010-06-01',10,'2010-03-30','2010-03-30'),(4206,45,57,'2010-05-01',10,'2010-03-30','2010-03-30'),(4202,45,8,'2010-06-01',5,'2010-03-30','2010-03-30'),(4201,45,8,'2010-05-01',5,'2010-03-30','2010-03-30'),(4200,45,8,'2010-04-01',5,'2010-03-30','2010-03-30'),(5012,46,2,'2010-11-01',9,'2010-04-08','2010-04-08'),(4429,43,23,'2010-06-01',20,'2010-03-31','2010-03-31'),(4203,45,62,'2010-04-01',10,'2010-03-30','2010-03-30'),(4204,45,62,'2010-05-01',10,'2010-03-30','2010-03-30'),(4205,45,62,'2010-06-01',10,'2010-03-30','2010-03-30'),(4196,45,61,'2010-06-01',10,'2010-03-30','2010-03-30'),(4195,45,61,'2010-05-01',10,'2010-03-30','2010-03-30'),(4193,45,25,'2010-06-01',50,'2010-03-30','2010-03-30'),(4192,45,25,'2010-05-01',50,'2010-03-30','2010-03-30'),(4191,45,25,'2010-04-01',50,'2010-03-30','2010-03-30'),(4194,45,61,'2010-04-01',10,'2010-03-30','2010-03-30'),(4189,45,62,'2010-03-01',16,'2010-03-30','2010-03-30'),(4188,45,62,'2010-02-01',26,'2010-03-30','2010-03-30'),(4187,45,62,'2010-01-01',14,'2010-03-30','2010-03-30'),(4186,45,10,'2010-03-01',1,'2010-03-30','2010-03-30'),(4185,45,55,'2010-02-01',2,'2010-03-30','2010-03-30'),(4184,45,55,'2010-01-01',1,'2010-03-30','2010-03-30'),(4183,45,8,'2010-03-01',3,'2010-03-30','2010-03-30'),(4182,45,8,'2010-02-01',1,'2010-03-30','2010-03-30'),(4181,45,61,'2010-03-01',10,'2010-03-30','2010-03-30'),(4180,45,61,'2010-02-01',10,'2010-03-30','2010-03-30'),(4179,45,61,'2010-01-01',7,'2010-03-30','2010-03-30'),(4178,45,60,'2010-03-01',1,'2010-03-30','2010-03-30'),(4177,45,4,'2010-03-01',120,'2010-03-30','2010-03-30'),(4428,43,23,'2010-05-01',25,'2010-03-31','2010-03-31'),(5315,44,77,'2010-02-01',8,'2010-04-08','2010-04-08'),(5560,54,2,'2011-03-01',9,'2010-04-08','2010-04-08'),(4136,53,57,'2010-01-01',16,'2010-03-30','2010-03-30'),(4176,45,4,'2010-02-01',107,'2010-03-30','2010-03-30'),(4175,45,4,'2010-01-01',112,'2010-03-30','2010-03-30'),(4624,60,77,'2010-07-01',32,'2010-04-08','2010-04-08'),(4173,54,25,'2010-04-01',60,'2010-03-30','2010-03-30'),(4172,54,36,'2010-05-01',40,'2010-03-30','2010-03-30'),(4171,54,34,'2010-05-01',120,'2010-03-30','2010-03-30'),(4170,54,34,'2010-04-01',100,'2010-03-30','2010-03-30'),(4169,54,34,'2010-03-01',40,'2010-03-30','2010-03-30'),(4168,54,34,'2010-01-01',13,'2010-03-30','2010-03-30'),(4167,54,25,'2010-03-01',50,'2010-03-30','2010-03-30'),(4166,54,25,'2010-02-01',141,'2010-03-30','2010-03-30'),(4165,54,24,'2010-02-01',9,'2010-03-30','2010-03-30'),(4164,54,18,'2010-01-01',3,'2010-03-30','2010-03-30'),(4163,54,17,'2010-01-01',120,'2010-03-30','2010-03-30'),(5171,65,77,'2010-02-01',8,'2010-04-08','2010-04-08'),(5170,65,77,'2010-01-01',17,'2010-04-08','2010-04-08'),(5169,48,2,'2011-12-01',9,'2010-04-08','2010-04-08'),(5168,48,2,'2011-11-01',9,'2010-04-08','2010-04-08'),(5167,48,2,'2011-10-01',9,'2010-04-08','2010-04-08'),(5166,48,2,'2011-09-01',9,'2010-04-08','2010-04-08'),(4135,53,56,'2010-01-01',4,'2010-03-30','2010-03-30'),(5595,60,78,'2010-10-01',70,'2010-04-08','2010-04-08'),(5594,60,78,'2010-09-01',20,'2010-04-08','2010-04-08'),(5593,54,77,'2011-12-01',43,'2010-04-08','2010-04-08'),(5592,54,77,'2011-11-01',35,'2010-04-08','2010-04-08'),(5591,54,77,'2011-10-01',13,'2010-04-08','2010-04-08'),(5590,54,77,'2011-09-01',18,'2010-04-08','2010-04-08'),(5589,54,77,'2011-08-01',16,'2010-04-08','2010-04-08'),(5588,54,77,'2011-07-01',32,'2010-04-08','2010-04-08'),(4372,43,29,'2010-02-01',3,'2010-03-31','2010-03-31'),(4371,43,23,'2010-02-01',34,'2010-03-31','2010-03-31'),(4370,43,19,'2010-02-01',1,'2010-03-31','2010-03-31'),(5165,48,2,'2011-08-01',9,'2010-04-08','2010-04-08'),(4470,43,53,'2010-08-01',2,'2010-03-31','2010-03-31'),(4134,53,55,'2010-02-01',5,'2010-03-30','2010-03-30'),(4133,53,8,'2010-03-01',100,'2010-03-30','2010-03-30'),(5559,54,2,'2011-02-01',9,'2010-04-08','2010-04-08'),(4132,53,8,'2010-02-01',76,'2010-03-30','2010-03-30'),(5370,49,77,'2010-09-01',18,'2010-04-08','2010-04-08'),(5369,49,77,'2010-08-01',16,'2010-04-08','2010-04-08'),(5164,48,2,'2011-07-01',9,'2010-04-08','2010-04-08'),(5163,48,2,'2011-06-01',9,'2010-04-08','2010-04-08'),(5162,48,2,'2011-05-01',9,'2010-04-08','2010-04-08'),(5161,48,2,'2011-04-01',9,'2010-04-08','2010-04-08'),(5011,46,2,'2010-10-01',9,'2010-04-08','2010-04-08'),(5010,46,2,'2010-09-01',9,'2010-04-08','2010-04-08'),(5009,46,2,'2010-08-01',9,'2010-04-08','2010-04-08'),(5008,46,2,'2010-07-01',9,'2010-04-08','2010-04-08'),(4469,43,53,'2010-07-01',2,'2010-03-31','2010-03-31'),(4468,43,53,'2010-06-01',2,'2010-03-31','2010-03-31'),(4467,43,53,'2010-05-01',2,'2010-03-31','2010-03-31'),(4466,43,53,'2010-04-01',2,'2010-03-31','2010-03-31'),(4465,43,53,'2010-03-01',2,'2010-03-31','2010-03-31'),(4464,43,2,'2010-08-01',25,'2010-03-31','2010-03-31'),(5663,46,49,'2011-06-01',64,'2010-04-08','2010-04-08'),(4463,43,2,'2010-07-01',25,'2010-03-31','2010-03-31'),(4462,43,2,'2010-06-01',25,'2010-03-31','2010-03-31'),(4461,43,2,'2010-05-01',25,'2010-03-31','2010-03-31'),(4460,43,2,'2010-04-01',20,'2010-03-31','2010-03-31'),(4459,43,61,'2010-04-01',40,'2010-03-31','2010-03-31'),(5160,48,2,'2011-03-01',9,'2010-04-08','2010-04-08'),(5159,48,2,'2011-02-01',9,'2010-04-08','2010-04-08'),(5158,48,2,'2011-01-01',9,'2010-04-08','2010-04-08'),(4860,52,77,'2010-03-01',15,'2010-04-08','2010-04-08'),(4859,52,77,'2010-02-01',8,'2010-04-08','2010-04-08'),(4858,52,77,'2010-01-01',17,'2010-04-08','2010-04-08'),(4857,63,2,'2011-12-01',9,'2010-04-08','2010-04-08'),(4131,53,8,'2010-01-01',137,'2010-03-30','2010-03-30'),(4130,53,4,'2010-02-01',9,'2010-03-30','2010-03-30'),(4129,53,4,'2010-01-01',6,'2010-03-30','2010-03-30'),(4485,43,75,'2010-04-01',25,'2010-03-31','2010-03-31'),(4486,43,75,'2010-05-01',25,'2010-03-31','2010-03-31'),(4126,44,34,'2010-02-01',10,'2010-03-30','2010-03-30'),(4125,44,34,'2010-01-01',157,'2010-03-30','2010-03-30'),(4487,43,75,'2010-06-01',25,'2010-03-31','2010-03-31'),(4488,43,75,'2010-07-01',25,'2010-03-31','2010-03-31'),(4856,63,2,'2011-11-01',9,'2010-04-08','2010-04-08'),(4855,63,2,'2011-10-01',9,'2010-04-08','2010-04-08'),(4854,63,2,'2011-09-01',9,'2010-04-08','2010-04-08'),(4853,63,2,'2011-08-01',9,'2010-04-08','2010-04-08'),(4852,63,2,'2011-07-01',9,'2010-04-08','2010-04-08'),(4851,63,2,'2011-06-01',9,'2010-04-08','2010-04-08'),(4850,63,2,'2011-05-01',9,'2010-04-08','2010-04-08'),(4849,63,2,'2011-04-01',9,'2010-04-08','2010-04-08'),(4848,63,2,'2011-03-01',9,'2010-04-08','2010-04-08'),(4847,63,2,'2011-02-01',9,'2010-04-08','2010-04-08'),(4846,63,2,'2011-01-01',9,'2010-04-08','2010-04-08'),(4845,63,2,'2010-12-01',9,'2010-04-08','2010-04-08'),(4844,63,2,'2010-11-01',9,'2010-04-08','2010-04-08'),(4843,63,2,'2010-10-01',9,'2010-04-08','2010-04-08'),(5587,54,77,'2011-06-01',13,'2010-04-08','2010-04-08'),(5586,54,77,'2011-05-01',18,'2010-04-08','2010-04-08'),(5585,54,77,'2011-04-01',10,'2010-04-08','2010-04-08'),(5584,54,77,'2011-03-01',15,'2010-04-08','2010-04-08'),(5583,54,77,'2011-02-01',8,'2010-04-08','2010-04-08'),(5582,54,77,'2011-01-01',17,'2010-04-08','2010-04-08'),(5581,54,77,'2010-12-01',43,'2010-04-08','2010-04-08'),(5580,54,77,'2010-11-01',35,'2010-04-08','2010-04-08'),(5482,68,2,'2010-09-01',9,'2010-04-08','2010-04-08'),(5481,68,2,'2010-08-01',9,'2010-04-08','2010-04-08'),(5480,68,2,'2010-07-01',9,'2010-04-08','2010-04-08'),(5479,68,2,'2010-06-01',9,'2010-04-08','2010-04-08'),(5478,68,2,'2010-05-01',9,'2010-04-08','2010-04-08'),(5477,68,2,'2010-04-01',9,'2010-04-08','2010-04-08'),(5476,68,2,'2010-03-01',9,'2010-04-08','2010-04-08'),(5475,68,2,'2010-02-01',9,'2010-04-08','2010-04-08'),(5474,68,2,'2010-01-01',9,'2010-04-08','2010-04-08'),(5473,68,77,'2011-12-01',43,'2010-04-08','2010-04-08'),(5472,68,77,'2011-11-01',35,'2010-04-08','2010-04-08'),(5471,68,77,'2011-10-01',13,'2010-04-08','2010-04-08'),(5470,68,77,'2011-09-01',18,'2010-04-08','2010-04-08'),(5469,68,77,'2011-08-01',16,'2010-04-08','2010-04-08'),(5468,68,77,'2011-07-01',32,'2010-04-08','2010-04-08'),(5467,68,77,'2011-06-01',13,'2010-04-08','2010-04-08'),(5466,68,77,'2011-05-01',18,'2010-04-08','2010-04-08'),(5465,68,77,'2011-04-01',10,'2010-04-08','2010-04-08'),(5464,68,77,'2011-03-01',15,'2010-04-08','2010-04-08'),(5463,68,77,'2011-02-01',8,'2010-04-08','2010-04-08'),(5462,68,77,'2011-01-01',17,'2010-04-08','2010-04-08'),(5461,68,77,'2010-12-01',43,'2010-04-08','2010-04-08'),(5460,68,77,'2010-11-01',35,'2010-04-08','2010-04-08'),(5459,68,77,'2010-10-01',13,'2010-04-08','2010-04-08'),(5458,68,77,'2010-09-01',18,'2010-04-08','2010-04-08'),(5457,68,77,'2010-08-01',16,'2010-04-08','2010-04-08'),(5456,68,77,'2010-07-01',32,'2010-04-08','2010-04-08'),(5211,65,2,'2011-06-01',9,'2010-04-08','2010-04-08'),(5747,45,83,'2011-07-01',80,'2010-04-08','2010-04-08'),(5711,56,83,'2010-09-01',160,'2010-04-08','2010-04-08'),(5710,56,83,'2010-08-01',160,'2010-04-08','2010-04-08'),(5746,45,83,'2011-06-01',80,'2010-04-08','2010-04-08'),(5745,45,83,'2011-05-01',80,'2010-04-08','2010-04-08'),(5744,45,83,'2011-04-01',80,'2010-04-08','2010-04-08'),(5743,45,83,'2011-03-01',80,'2010-04-08','2010-04-08'),(5742,45,83,'2011-02-01',80,'2010-04-08','2010-04-08'),(5741,45,83,'2011-01-01',80,'2010-04-08','2010-04-08'),(5740,45,83,'2010-12-01',80,'2010-04-08','2010-04-08'),(5739,45,83,'2010-11-01',80,'2010-04-08','2010-04-08'),(5738,45,83,'2010-10-01',80,'2010-04-08','2010-04-08'),(5737,45,83,'2010-09-01',80,'2010-04-08','2010-04-08'),(5736,45,83,'2010-08-01',80,'2010-04-08','2010-04-08'),(5735,60,83,'2011-10-01',60,'2010-04-08','2010-04-08'),(5734,60,83,'2011-09-01',52,'2010-04-08','2010-04-08'),(5733,60,83,'2011-08-01',103,'2010-04-08','2010-04-08'),(5732,60,83,'2011-07-01',61,'2010-04-08','2010-04-08'),(5731,60,83,'2011-06-01',80,'2010-04-08','2010-04-08'),(5730,60,83,'2011-05-01',110,'2010-04-08','2010-04-08'),(5729,60,83,'2011-04-01',100,'2010-04-08','2010-04-08'),(5728,60,83,'2011-02-01',10,'2010-04-08','2010-04-08'),(5727,60,83,'2011-01-01',55,'2010-04-08','2010-04-08'),(5726,60,83,'2010-12-01',40,'2010-04-08','2010-04-08'),(5725,60,83,'2010-11-01',110,'2010-04-08','2010-04-08'),(5724,60,83,'2010-10-01',70,'2010-04-08','2010-04-08'),(5723,60,83,'2010-09-01',120,'2010-04-08','2010-04-08'),(5709,67,83,'2011-12-01',160,'2010-04-08','2010-04-08'),(5708,67,83,'2011-11-01',160,'2010-04-08','2010-04-08'),(5707,67,83,'2011-10-01',160,'2010-04-08','2010-04-08'),(5706,67,83,'2011-09-01',160,'2010-04-08','2010-04-08'),(5705,67,83,'2011-08-01',160,'2010-04-08','2010-04-08'),(5704,67,83,'2011-07-01',160,'2010-04-08','2010-04-08'),(5703,67,83,'2011-06-01',160,'2010-04-08','2010-04-08'),(5702,67,83,'2011-05-01',160,'2010-04-08','2010-04-08'),(5701,67,83,'2011-04-01',160,'2010-04-08','2010-04-08'),(5700,67,83,'2011-03-01',160,'2010-04-08','2010-04-08'),(5699,67,83,'2011-02-01',160,'2010-04-08','2010-04-08'),(5698,67,83,'2011-01-01',160,'2010-04-08','2010-04-08'),(5697,67,83,'2010-12-01',160,'2010-04-08','2010-04-08'),(5696,67,83,'2010-11-01',160,'2010-04-08','2010-04-08'),(5695,67,83,'2010-10-01',160,'2010-04-08','2010-04-08'),(5694,67,83,'2010-09-01',160,'2010-04-08','2010-04-08'),(5693,67,83,'2010-08-01',160,'2010-04-08','2010-04-08'),(5692,48,83,'2011-12-01',160,'2010-04-08','2010-04-08'),(5691,48,83,'2011-11-01',160,'2010-04-08','2010-04-08'),(5690,48,83,'2011-10-01',160,'2010-04-08','2010-04-08'),(5689,48,83,'2011-09-01',160,'2010-04-08','2010-04-08'),(5688,48,83,'2011-08-01',160,'2010-04-08','2010-04-08'),(5687,48,83,'2011-07-01',160,'2010-04-08','2010-04-08'),(5210,65,2,'2011-05-01',9,'2010-04-08','2010-04-08'),(5209,65,2,'2011-04-01',9,'2010-04-08','2010-04-08'),(5208,65,2,'2011-03-01',9,'2010-04-08','2010-04-08'),(5207,65,2,'2011-02-01',9,'2010-04-08','2010-04-08'),(5206,65,2,'2011-01-01',9,'2010-04-08','2010-04-08'),(5205,65,2,'2010-12-01',9,'2010-04-08','2010-04-08'),(5204,65,2,'2010-11-01',9,'2010-04-08','2010-04-08'),(5203,65,2,'2010-10-01',9,'2010-04-08','2010-04-08'),(5202,65,2,'2010-09-01',9,'2010-04-08','2010-04-08'),(5201,65,2,'2010-08-01',9,'2010-04-08','2010-04-08'),(5200,65,2,'2010-07-01',9,'2010-04-08','2010-04-08'),(5199,65,2,'2010-06-01',9,'2010-04-08','2010-04-08'),(5198,65,2,'2010-05-01',9,'2010-04-08','2010-04-08'),(5157,48,2,'2010-12-01',9,'2010-04-08','2010-04-08'),(5368,49,77,'2010-07-01',32,'2010-04-08','2010-04-08'),(5197,65,2,'2010-04-01',9,'2010-04-08','2010-04-08'),(5196,65,2,'2010-03-01',9,'2010-04-08','2010-04-08'),(5195,65,2,'2010-02-01',9,'2010-04-08','2010-04-08'),(5194,65,2,'2010-01-01',9,'2010-04-08','2010-04-08'),(5193,65,77,'2011-12-01',43,'2010-04-08','2010-04-08'),(5192,65,77,'2011-11-01',35,'2010-04-08','2010-04-08'),(5191,65,77,'2011-10-01',13,'2010-04-08','2010-04-08'),(5190,65,77,'2011-09-01',18,'2010-04-08','2010-04-08'),(5722,60,83,'2010-08-01',140,'2010-04-08','2010-04-08'),(5807,63,83,'2010-08-01',80,'2010-04-08','2010-04-08'),(5808,63,83,'2010-09-01',80,'2010-04-08','2010-04-08'),(5809,63,83,'2010-10-01',80,'2010-04-08','2010-04-08'),(5718,56,83,'2011-04-01',160,'2010-04-08','2010-04-08'),(5717,56,83,'2011-03-01',160,'2010-04-08','2010-04-08'),(5716,56,83,'2011-02-01',160,'2010-04-08','2010-04-08'),(5715,56,83,'2011-01-01',160,'2010-04-08','2010-04-08'),(5714,56,83,'2010-12-01',160,'2010-04-08','2010-04-08'),(5713,56,83,'2010-11-01',160,'2010-04-08','2010-04-08'),(5712,56,83,'2010-10-01',160,'2010-04-08','2010-04-08'),(5686,48,83,'2011-06-01',160,'2010-04-08','2010-04-08'),(5685,48,83,'2011-05-01',160,'2010-04-08','2010-04-08'),(5684,48,83,'2011-04-01',160,'2010-04-08','2010-04-08'),(5683,48,83,'2011-03-01',160,'2010-04-08','2010-04-08'),(5682,48,83,'2011-02-01',160,'2010-04-08','2010-04-08'),(5681,48,83,'2011-01-01',160,'2010-04-08','2010-04-08'),(5680,48,83,'2010-12-01',160,'2010-04-08','2010-04-08'),(5679,48,83,'2010-11-01',160,'2010-04-08','2010-04-08'),(5678,48,83,'2010-10-01',160,'2010-04-08','2010-04-08'),(5677,48,83,'2010-09-01',160,'2010-04-08','2010-04-08'),(5676,48,83,'2010-08-01',160,'2010-04-08','2010-04-08'),(5455,68,77,'2010-06-01',13,'2010-04-08','2010-04-08'),(5535,69,2,'2011-02-01',9,'2010-04-08','2010-04-08'),(5662,60,49,'2011-06-01',64,'2010-04-08','2010-04-08'),(5661,46,49,'2011-05-01',24,'2010-04-08','2010-04-08'),(5660,60,49,'2011-05-01',24,'2010-04-08','2010-04-08'),(5659,46,49,'2011-04-01',43,'2010-04-08','2010-04-08'),(5658,60,49,'2011-04-01',43,'2010-04-08','2010-04-08'),(5657,46,49,'2011-03-01',36,'2010-04-08','2010-04-08'),(5656,60,49,'2011-03-01',100,'2010-04-08','2010-04-08'),(5655,46,49,'2011-02-01',20,'2010-04-08','2010-04-08'),(5654,60,49,'2011-02-01',96,'2010-04-08','2010-04-08'),(5653,60,49,'2011-01-01',48,'2010-04-08','2010-04-08'),(5650,47,81,'2011-06-01',50,'2010-04-08','2010-04-08'),(5649,54,81,'2010-08-01',160,'2010-04-08','2010-04-08'),(5534,69,2,'2011-01-01',9,'2010-04-08','2010-04-08'),(5533,69,2,'2010-12-01',9,'2010-04-08','2010-04-08'),(5532,69,2,'2010-11-01',9,'2010-04-08','2010-04-08'),(5531,69,2,'2010-10-01',9,'2010-04-08','2010-04-08'),(5530,69,2,'2010-09-01',9,'2010-04-08','2010-04-08'),(5529,69,2,'2010-08-01',9,'2010-04-08','2010-04-08'),(5528,69,2,'2010-07-01',9,'2010-04-08','2010-04-08'),(5527,69,2,'2010-06-01',9,'2010-04-08','2010-04-08'),(5526,69,2,'2010-05-01',9,'2010-04-08','2010-04-08'),(5525,69,2,'2010-04-01',9,'2010-04-08','2010-04-08'),(5524,69,2,'2010-03-01',9,'2010-04-08','2010-04-08'),(4162,54,59,'2010-01-01',5,'2010-03-30','2010-03-30'),(4161,54,36,'2010-02-01',1,'2010-03-30','2010-03-30'),(4160,54,58,'2010-03-01',5,'2010-03-30','2010-03-30'),(4159,54,58,'2010-01-01',4,'2010-03-30','2010-03-30'),(5367,49,77,'2010-06-01',13,'2010-04-08','2010-04-08'),(5366,49,77,'2010-05-01',18,'2010-04-08','2010-04-08'),(5365,49,77,'2010-04-01',10,'2010-04-08','2010-04-08'),(5364,49,77,'2010-03-01',15,'2010-04-08','2010-04-08'),(4427,43,23,'2010-04-01',25,'2010-03-31','2010-03-31'),(4426,43,23,'2010-03-01',14,'2010-03-31','2010-03-31'),(4425,43,20,'2010-08-01',10,'2010-03-31','2010-03-31'),(4424,43,20,'2010-07-01',10,'2010-03-31','2010-03-31'),(5007,46,2,'2010-06-01',9,'2010-04-08','2010-04-08'),(5006,46,2,'2010-05-01',9,'2010-04-08','2010-04-08'),(5005,46,2,'2010-04-01',9,'2010-04-08','2010-04-08'),(5004,46,2,'2010-03-01',9,'2010-04-08','2010-04-08'),(4423,43,20,'2010-06-01',10,'2010-03-31','2010-03-31'),(4422,43,20,'2010-05-01',10,'2010-03-31','2010-03-31'),(4421,43,20,'2010-04-01',10,'2010-03-31','2010-03-31'),(4420,43,20,'2010-03-01',2,'2010-03-31','2010-03-31'),(4419,43,19,'2010-08-01',10,'2010-03-31','2010-03-31'),(4418,43,19,'2010-07-01',10,'2010-03-31','2010-03-31'),(4417,43,19,'2010-06-01',10,'2010-03-31','2010-03-31'),(4330,69,34,'2010-04-01',160,'2010-03-31','2010-03-31'),(5066,47,2,'2011-05-01',9,'2010-04-08','2010-04-08'),(5065,47,2,'2011-04-01',9,'2010-04-08','2010-04-08'),(5064,47,2,'2011-03-01',9,'2010-04-08','2010-04-08'),(5063,47,2,'2011-02-01',9,'2010-04-08','2010-04-08'),(5062,47,2,'2011-01-01',9,'2010-04-08','2010-04-08'),(5061,47,2,'2010-12-01',9,'2010-04-08','2010-04-08'),(5060,47,2,'2010-11-01',9,'2010-04-08','2010-04-08'),(5059,47,2,'2010-10-01',9,'2010-04-08','2010-04-08'),(5058,47,2,'2010-09-01',9,'2010-04-08','2010-04-08'),(4842,63,2,'2010-09-01',9,'2010-04-08','2010-04-08'),(4841,63,2,'2010-08-01',9,'2010-04-08','2010-04-08'),(4840,63,2,'2010-07-01',9,'2010-04-08','2010-04-08'),(5117,53,2,'2011-08-01',9,'2010-04-08','2010-04-08'),(5156,48,2,'2010-11-01',9,'2010-04-08','2010-04-08'),(4580,72,37,'2010-03-01',160,'2010-03-31','2010-03-31'),(5363,49,77,'2010-02-01',8,'2010-04-08','2010-04-08'),(5189,65,77,'2011-08-01',16,'2010-04-08','2010-04-08'),(5188,65,77,'2011-07-01',32,'2010-04-08','2010-04-08'),(4481,57,62,'2010-01-01',160,'2010-03-31','2010-03-31'),(4121,49,4,'2010-03-01',10,'2010-03-30','2010-03-30'),(4329,69,62,'2010-03-01',7,'2010-03-31','2010-03-31'),(4328,69,36,'2010-03-01',2,'2010-03-31','2010-03-31'),(4327,69,34,'2010-03-01',158,'2010-03-31','2010-03-31'),(4326,69,25,'2010-03-01',9,'2010-03-31','2010-03-31'),(4325,69,25,'2010-02-01',101,'2010-03-31','2010-03-31'),(4324,69,36,'2010-02-01',13,'2010-03-31','2010-03-31'),(4323,69,34,'2010-02-01',37,'2010-03-31','2010-03-31'),(4120,49,4,'2010-02-01',25,'2010-03-30','2010-03-30'),(4119,49,4,'2010-01-01',30,'2010-03-30','2010-03-30'),(5155,48,2,'2010-10-01',9,'2010-04-08','2010-04-08'),(5154,48,2,'2010-09-01',9,'2010-04-08','2010-04-08'),(5153,48,2,'2010-08-01',9,'2010-04-08','2010-04-08'),(5152,48,2,'2010-07-01',9,'2010-04-08','2010-04-08'),(5151,48,2,'2010-06-01',9,'2010-04-08','2010-04-08'),(4579,72,37,'2010-02-01',160,'2010-03-31','2010-03-31'),(5003,46,2,'2010-02-01',9,'2010-04-08','2010-04-08'),(5002,46,2,'2010-01-01',9,'2010-04-08','2010-04-08'),(5001,46,77,'2011-12-01',43,'2010-04-08','2010-04-08'),(5116,53,2,'2011-07-01',9,'2010-04-08','2010-04-08'),(5115,53,2,'2011-06-01',9,'2010-04-08','2010-04-08'),(5114,53,2,'2011-05-01',9,'2010-04-08','2010-04-08'),(5113,53,2,'2011-04-01',9,'2010-04-08','2010-04-08'),(5112,53,2,'2011-03-01',9,'2010-04-08','2010-04-08'),(5314,44,77,'2010-01-01',17,'2010-04-08','2010-04-08'),(5436,43,77,'2010-11-01',35,'2010-04-08','2010-04-08'),(5336,44,77,'2011-11-01',35,'2010-04-08','2010-04-08'),(5335,44,77,'2011-10-01',13,'2010-04-08','2010-04-08'),(5334,44,77,'2011-09-01',18,'2010-04-08','2010-04-08'),(5333,44,77,'2011-08-01',16,'2010-04-08','2010-04-08'),(5332,44,77,'2011-07-01',32,'2010-04-08','2010-04-08'),(5331,44,77,'2011-06-01',13,'2010-04-08','2010-04-08'),(5330,44,77,'2011-05-01',18,'2010-04-08','2010-04-08'),(4118,49,29,'2010-06-01',170,'2010-03-30','2010-03-30'),(5648,44,81,'2010-08-01',160,'2010-04-08','2010-04-08'),(5435,43,77,'2010-10-01',13,'2010-04-08','2010-04-08'),(5434,43,77,'2010-09-01',18,'2010-04-08','2010-04-08'),(5433,43,77,'2010-08-01',16,'2010-04-08','2010-04-08'),(5432,43,77,'2010-07-01',32,'2010-04-08','2010-04-08'),(5431,43,77,'2010-06-01',13,'2010-04-08','2010-04-08'),(5430,43,77,'2010-05-01',18,'2010-04-08','2010-04-08'),(5429,43,77,'2010-04-01',10,'2010-04-08','2010-04-08'),(5428,43,77,'2010-03-01',15,'2010-04-08','2010-04-08'),(5427,43,77,'2010-02-01',8,'2010-04-08','2010-04-08'),(5426,43,77,'2010-01-01',17,'2010-04-08','2010-04-08'),(5425,43,2,'2011-12-01',9,'2010-04-08','2010-04-08'),(5424,43,2,'2011-11-01',9,'2010-04-08','2010-04-08'),(5423,43,2,'2011-10-01',9,'2010-04-08','2010-04-08'),(5422,43,2,'2011-09-01',9,'2010-04-08','2010-04-08'),(5421,43,2,'2011-08-01',9,'2010-04-08','2010-04-08'),(5420,43,2,'2011-07-01',9,'2010-04-08','2010-04-08'),(5419,43,2,'2011-06-01',9,'2010-04-08','2010-04-08'),(5418,43,2,'2011-05-01',9,'2010-04-08','2010-04-08'),(5417,43,2,'2011-04-01',9,'2010-04-08','2010-04-08'),(5416,43,2,'2011-03-01',9,'2010-04-08','2010-04-08'),(5415,43,2,'2011-02-01',9,'2010-04-08','2010-04-08'),(5414,43,2,'2011-01-01',9,'2010-04-08','2010-04-08'),(5413,43,2,'2010-12-01',9,'2010-04-08','2010-04-08'),(5248,66,2,'2010-07-01',9,'2010-04-08','2010-04-08'),(5247,66,2,'2010-06-01',9,'2010-04-08','2010-04-08'),(5246,66,2,'2010-05-01',9,'2010-04-08','2010-04-08'),(5245,66,2,'2010-04-01',9,'2010-04-08','2010-04-08'),(5244,66,2,'2010-03-01',9,'2010-04-08','2010-04-08'),(5243,66,2,'2010-02-01',9,'2010-04-08','2010-04-08'),(5242,66,2,'2010-01-01',9,'2010-04-08','2010-04-08'),(5241,66,77,'2011-12-01',43,'2010-04-08','2010-04-08'),(5240,66,77,'2011-11-01',35,'2010-04-08','2010-04-08'),(5239,66,77,'2011-10-01',13,'2010-04-08','2010-04-08'),(5238,66,77,'2011-09-01',18,'2010-04-08','2010-04-08'),(5237,66,77,'2011-08-01',16,'2010-04-08','2010-04-08'),(5236,66,77,'2011-07-01',32,'2010-04-08','2010-04-08'),(5235,66,77,'2011-06-01',13,'2010-04-08','2010-04-08'),(5234,66,77,'2011-05-01',18,'2010-04-08','2010-04-08'),(5233,66,77,'2011-04-01',10,'2010-04-08','2010-04-08'),(5232,66,77,'2011-03-01',15,'2010-04-08','2010-04-08'),(5231,66,77,'2011-02-01',8,'2010-04-08','2010-04-08'),(5230,66,77,'2011-01-01',17,'2010-04-08','2010-04-08'),(5229,66,77,'2010-12-01',43,'2010-04-08','2010-04-08'),(5228,66,77,'2010-11-01',35,'2010-04-08','2010-04-08'),(5227,66,77,'2010-10-01',13,'2010-04-08','2010-04-08'),(5226,66,77,'2010-09-01',18,'2010-04-08','2010-04-08'),(5225,66,77,'2010-08-01',16,'2010-04-08','2010-04-08'),(5313,67,77,'2011-12-01',43,'2010-04-08','2010-04-08'),(5312,67,77,'2011-11-01',35,'2010-04-08','2010-04-08'),(5311,67,77,'2011-10-01',13,'2010-04-08','2010-04-08'),(5310,67,77,'2011-09-01',18,'2010-04-08','2010-04-08'),(5309,67,77,'2011-08-01',16,'2010-04-08','2010-04-08'),(5308,67,77,'2011-07-01',32,'2010-04-08','2010-04-08'),(5307,67,77,'2011-06-01',13,'2010-04-08','2010-04-08'),(5306,67,77,'2011-05-01',18,'2010-04-08','2010-04-08'),(5305,67,77,'2011-04-01',10,'2010-04-08','2010-04-08'),(5304,67,77,'2011-03-01',15,'2010-04-08','2010-04-08'),(5303,67,77,'2011-02-01',8,'2010-04-08','2010-04-08'),(5302,67,77,'2011-01-01',17,'2010-04-08','2010-04-08'),(5150,48,2,'2010-05-01',9,'2010-04-08','2010-04-08'),(4262,47,34,'2010-02-01',29,'2010-03-30','2010-03-30'),(5675,46,49,'2011-12-01',118,'2010-04-08','2010-04-08'),(4458,43,61,'2010-03-01',82,'2010-03-31','2010-03-31'),(4578,72,29,'2010-01-01',160,'2010-03-31','2010-03-31'),(5360,44,2,'2011-11-01',9,'2010-04-08','2010-04-08'),(5359,44,2,'2011-10-01',9,'2010-04-08','2010-04-08'),(5358,44,2,'2011-09-01',9,'2010-04-08','2010-04-08'),(4959,64,77,'2010-06-01',13,'2010-04-08','2010-04-08'),(4958,64,77,'2010-05-01',18,'2010-04-08','2010-04-08'),(4957,64,77,'2010-04-01',10,'2010-04-08','2010-04-08'),(4956,64,77,'2010-03-01',15,'2010-04-08','2010-04-08'),(5647,64,81,'2010-08-01',160,'2010-04-08','2010-04-08'),(5646,44,81,'2011-05-01',160,'2010-04-08','2010-04-08'),(5645,47,81,'2011-05-01',60,'2010-04-08','2010-04-08'),(5784,64,81,'2011-01-01',160,'2010-04-08','2010-04-08'),(5643,54,81,'2011-04-01',40,'2010-04-08','2010-04-08'),(5412,43,2,'2010-11-01',9,'2010-04-08','2010-04-08'),(5411,43,2,'2010-10-01',9,'2010-04-08','2010-04-08'),(5410,43,2,'2010-09-01',9,'2010-04-08','2010-04-08'),(5409,49,2,'2011-12-01',9,'2010-04-08','2010-04-08'),(5408,49,2,'2011-11-01',9,'2010-04-08','2010-04-08'),(5407,49,2,'2011-10-01',9,'2010-04-08','2010-04-08'),(5406,49,2,'2011-09-01',9,'2010-04-08','2010-04-08'),(5405,49,2,'2011-08-01',9,'2010-04-08','2010-04-08'),(5404,49,2,'2011-07-01',9,'2010-04-08','2010-04-08'),(5403,49,2,'2011-06-01',9,'2010-04-08','2010-04-08'),(5329,44,77,'2011-04-01',10,'2010-04-08','2010-04-08'),(5328,44,77,'2011-03-01',15,'2010-04-08','2010-04-08'),(4689,56,77,'2011-12-01',43,'2010-04-08','2010-04-08'),(4688,56,77,'2011-11-01',35,'2010-04-08','2010-04-08'),(4687,56,77,'2011-10-01',13,'2010-04-08','2010-04-08'),(4686,56,77,'2011-09-01',18,'2010-04-08','2010-04-08'),(4685,56,77,'2011-08-01',16,'2010-04-08','2010-04-08'),(4577,50,4,'2010-04-01',160,'2010-03-31','2010-03-31'),(4576,62,62,'2010-07-01',160,'2010-03-31','2010-03-31'),(4575,62,62,'2010-06-01',80,'2010-03-31','2010-03-31'),(4574,62,29,'2010-06-01',80,'2010-03-31','2010-03-31'),(4573,62,29,'2010-05-01',160,'2010-03-31','2010-03-31'),(4684,56,77,'2011-07-01',32,'2010-04-08','2010-04-08'),(4683,56,77,'2011-06-01',13,'2010-04-08','2010-04-08'),(4682,56,77,'2011-05-01',18,'2010-04-08','2010-04-08'),(4681,56,77,'2011-04-01',10,'2010-04-08','2010-04-08'),(4680,56,77,'2011-03-01',15,'2010-04-08','2010-04-08'),(4572,62,29,'2010-04-01',160,'2010-03-31','2010-03-31'),(4571,62,62,'2010-03-01',164,'2010-03-31','2010-03-31'),(4570,62,62,'2010-02-01',158,'2010-03-31','2010-03-31'),(4569,62,62,'2010-01-01',160,'2010-03-31','2010-03-31'),(4567,63,4,'2010-04-01',160,'2010-03-31','2010-03-31'),(4566,63,4,'2010-03-01',160,'2010-03-31','2010-03-31'),(4565,63,4,'2010-02-01',159,'2010-03-31','2010-03-31'),(5301,67,77,'2010-12-01',43,'2010-04-08','2010-04-08'),(5300,67,77,'2010-11-01',35,'2010-04-08','2010-04-08'),(5299,67,77,'2010-10-01',13,'2010-04-08','2010-04-08'),(4416,43,19,'2010-05-01',10,'2010-03-31','2010-03-31'),(4415,43,19,'2010-04-01',10,'2010-03-31','2010-03-31'),(4414,43,19,'2010-03-01',3,'2010-03-31','2010-03-31'),(5111,53,2,'2011-02-01',9,'2010-04-08','2010-04-08'),(5517,69,77,'2011-08-01',16,'2010-04-08','2010-04-08'),(5516,69,77,'2011-07-01',32,'2010-04-08','2010-04-08'),(4292,47,34,'2010-04-01',20,'2010-03-30','2010-03-30'),(4291,50,53,'2010-03-01',2,'2010-03-30','2010-03-30'),(4290,50,4,'2010-03-01',160,'2010-03-30','2010-03-30'),(4289,50,4,'2010-02-01',160,'2010-03-30','2010-03-30'),(4288,48,62,'2010-03-01',160,'2010-03-30','2010-03-30'),(4287,48,12,'2010-03-01',16,'2010-03-30','2010-03-30'),(4285,48,53,'2010-02-01',1,'2010-03-30','2010-03-30'),(4284,48,65,'2010-02-01',4,'2010-03-30','2010-03-30'),(4955,64,77,'2010-02-01',8,'2010-04-08','2010-04-08'),(4954,64,77,'2010-01-01',17,'2010-04-08','2010-04-08'),(4953,64,2,'2011-12-01',9,'2010-04-08','2010-04-08'),(4952,64,2,'2011-11-01',9,'2010-04-08','2010-04-08'),(4839,63,2,'2010-06-01',9,'2010-04-08','2010-04-08'),(4838,63,2,'2010-05-01',9,'2010-04-08','2010-04-08'),(4837,63,2,'2010-04-01',9,'2010-04-08','2010-04-08'),(4836,63,2,'2010-03-01',9,'2010-04-08','2010-04-08'),(4835,63,2,'2010-02-01',9,'2010-04-08','2010-04-08'),(4834,63,2,'2010-01-01',9,'2010-04-08','2010-04-08'),(4833,63,77,'2011-12-01',43,'2010-04-08','2010-04-08'),(4832,63,77,'2011-11-01',35,'2010-04-08','2010-04-08'),(4831,63,77,'2011-10-01',13,'2010-04-08','2010-04-08'),(4830,63,77,'2011-09-01',18,'2010-04-08','2010-04-08'),(4829,63,77,'2011-08-01',16,'2010-04-08','2010-04-08'),(4828,63,77,'2011-07-01',32,'2010-04-08','2010-04-08'),(5515,69,77,'2011-06-01',13,'2010-04-08','2010-04-08'),(5514,69,77,'2011-05-01',18,'2010-04-08','2010-04-08'),(5513,69,77,'2011-04-01',10,'2010-04-08','2010-04-08'),(5512,69,77,'2011-03-01',15,'2010-04-08','2010-04-08'),(5511,69,77,'2011-02-01',8,'2010-04-08','2010-04-08'),(5510,69,77,'2011-01-01',17,'2010-04-08','2010-04-08'),(5509,69,77,'2010-12-01',43,'2010-04-08','2010-04-08'),(5298,67,77,'2010-09-01',18,'2010-04-08','2010-04-08'),(5297,67,77,'2010-08-01',16,'2010-04-08','2010-04-08'),(5110,53,2,'2011-01-01',9,'2010-04-08','2010-04-08'),(4564,63,4,'2010-01-01',135,'2010-03-31','2010-03-31'),(4563,52,36,'2010-05-01',180,'2010-03-31','2010-03-31'),(4562,52,36,'2010-04-01',180,'2010-03-31','2010-03-31'),(4827,63,77,'2011-06-01',13,'2010-04-08','2010-04-08'),(4826,63,77,'2011-05-01',18,'2010-04-08','2010-04-08'),(4825,63,77,'2011-04-01',10,'2010-04-08','2010-04-08'),(4824,63,77,'2011-03-01',15,'2010-04-08','2010-04-08'),(4410,43,57,'2010-05-01',3,'2010-03-31','2010-03-31'),(4409,43,57,'2010-04-01',3,'2010-03-31','2010-03-31'),(5296,67,77,'2010-07-01',32,'2010-04-08','2010-04-08'),(5000,46,77,'2011-11-01',32,'2010-04-08','2010-04-08'),(4951,64,2,'2011-10-01',9,'2010-04-08','2010-04-08'),(5295,67,77,'2010-06-01',13,'2010-04-08','2010-04-08'),(4823,63,77,'2011-02-01',8,'2010-04-08','2010-04-08'),(4950,64,2,'2011-09-01',9,'2010-04-08','2010-04-08'),(4949,64,2,'2011-08-01',9,'2010-04-08','2010-04-08'),(4948,64,2,'2011-07-01',9,'2010-04-08','2010-04-08'),(4947,64,2,'2011-06-01',9,'2010-04-08','2010-04-08'),(5294,67,77,'2010-05-01',18,'2010-04-08','2010-04-08'),(5293,67,77,'2010-04-01',10,'2010-04-08','2010-04-08'),(5292,67,77,'2010-03-01',15,'2010-04-08','2010-04-08'),(5291,67,77,'2010-02-01',8,'2010-04-08','2010-04-08'),(5290,67,77,'2010-01-01',17,'2010-04-08','2010-04-08'),(5289,67,2,'2011-12-01',9,'2010-04-08','2010-04-08'),(4946,64,2,'2011-05-01',9,'2010-04-08','2010-04-08'),(4945,64,2,'2011-04-01',9,'2010-04-08','2010-04-08'),(4944,64,2,'2011-03-01',9,'2010-04-08','2010-04-08'),(4117,49,29,'2010-05-01',170,'2010-03-30','2010-03-30'),(4116,49,29,'2010-04-01',170,'2010-03-30','2010-03-30'),(4115,49,29,'2010-03-01',280,'2010-03-30','2010-03-30'),(4822,63,77,'2011-01-01',17,'2010-04-08','2010-04-08'),(4821,63,77,'2010-12-01',43,'2010-04-08','2010-04-08'),(4820,63,77,'2010-11-01',35,'2010-04-08','2010-04-08'),(4819,63,77,'2010-10-01',13,'2010-04-08','2010-04-08'),(4818,63,77,'2010-09-01',18,'2010-04-08','2010-04-08'),(4817,63,77,'2010-08-01',16,'2010-04-08','2010-04-08'),(4816,63,77,'2010-07-01',32,'2010-04-08','2010-04-08'),(4815,63,77,'2010-06-01',13,'2010-04-08','2010-04-08'),(4814,63,77,'2010-05-01',18,'2010-04-08','2010-04-08'),(4813,63,77,'2010-04-01',10,'2010-04-08','2010-04-08'),(4812,63,77,'2010-03-01',15,'2010-04-08','2010-04-08'),(4811,63,77,'2010-02-01',8,'2010-04-08','2010-04-08'),(4810,63,77,'2010-01-01',17,'2010-04-08','2010-04-08'),(5508,69,77,'2010-11-01',35,'2010-04-08','2010-04-08'),(5507,69,77,'2010-10-01',13,'2010-04-08','2010-04-08'),(5506,69,77,'2010-09-01',18,'2010-04-08','2010-04-08'),(5505,69,77,'2010-08-01',16,'2010-04-08','2010-04-08'),(5504,69,77,'2010-07-01',32,'2010-04-08','2010-04-08'),(4261,47,25,'2010-02-01',24,'2010-03-30','2010-03-30'),(4260,47,20,'2010-02-01',24,'2010-03-30','2010-03-30'),(4259,47,19,'2010-02-01',8,'2010-03-30','2010-03-30'),(4809,62,2,'2011-12-01',9,'2010-04-08','2010-04-08'),(4808,62,2,'2011-11-01',9,'2010-04-08','2010-04-08'),(4807,62,2,'2011-10-01',9,'2010-04-08','2010-04-08'),(4806,62,2,'2011-09-01',9,'2010-04-08','2010-04-08'),(4805,62,2,'2011-08-01',9,'2010-04-08','2010-04-08'),(4804,62,2,'2011-07-01',9,'2010-04-08','2010-04-08'),(4803,62,2,'2011-06-01',9,'2010-04-08','2010-04-08'),(4802,62,2,'2011-05-01',9,'2010-04-08','2010-04-08'),(4801,62,2,'2011-04-01',9,'2010-04-08','2010-04-08'),(4800,62,2,'2011-03-01',9,'2010-04-08','2010-04-08'),(4799,62,2,'2011-02-01',9,'2010-04-08','2010-04-08'),(4798,62,2,'2011-01-01',9,'2010-04-08','2010-04-08'),(4797,62,2,'2010-12-01',9,'2010-04-08','2010-04-08'),(5057,47,2,'2010-08-01',9,'2010-04-08','2010-04-08'),(5056,47,2,'2010-07-01',9,'2010-04-08','2010-04-08'),(5055,47,2,'2010-06-01',9,'2010-04-08','2010-04-08'),(4512,51,23,'2010-02-01',60,'2010-03-31','2010-03-31'),(4511,51,23,'2010-01-01',40,'2010-03-31','2010-03-31'),(4510,66,34,'2010-05-01',160,'2010-03-31','2010-03-31'),(4509,66,34,'2010-04-01',160,'2010-03-31','2010-03-31'),(4508,66,18,'2010-03-01',22,'2010-03-31','2010-03-31'),(4507,66,20,'2010-03-01',139,'2010-03-31','2010-03-31'),(4506,66,34,'2010-03-01',18,'2010-03-31','2010-03-31'),(4505,66,34,'2010-02-01',135,'2010-03-31','2010-03-31'),(5503,69,77,'2010-06-01',13,'2010-04-08','2010-04-08'),(5502,69,77,'2010-05-01',18,'2010-04-08','2010-04-08'),(5501,69,77,'2010-04-01',10,'2010-04-08','2010-04-08'),(5500,69,77,'2010-03-01',15,'2010-04-08','2010-04-08'),(5499,69,77,'2010-02-01',8,'2010-04-08','2010-04-08'),(4504,66,25,'2010-02-01',6,'2010-03-31','2010-03-31'),(4503,66,34,'2010-01-01',116,'2010-03-31','2010-03-31'),(4502,66,35,'2010-01-01',18,'2010-03-31','2010-03-31'),(5523,69,2,'2010-02-01',9,'2010-04-08','2010-04-08'),(4796,62,2,'2010-11-01',9,'2010-04-08','2010-04-08'),(4795,62,2,'2010-10-01',9,'2010-04-08','2010-04-08'),(4794,62,2,'2010-09-01',9,'2010-04-08','2010-04-08'),(4793,62,2,'2010-08-01',9,'2010-04-08','2010-04-08'),(4792,62,2,'2010-07-01',9,'2010-04-08','2010-04-08'),(4791,62,2,'2010-06-01',9,'2010-04-08','2010-04-08'),(4790,62,2,'2010-05-01',9,'2010-04-08','2010-04-08'),(4789,62,2,'2010-04-01',9,'2010-04-08','2010-04-08'),(4788,62,2,'2010-03-01',9,'2010-04-08','2010-04-08'),(5522,69,2,'2010-01-01',9,'2010-04-08','2010-04-08'),(5521,69,77,'2011-12-01',43,'2010-04-08','2010-04-08'),(5520,69,77,'2011-11-01',35,'2010-04-08','2010-04-08'),(5519,69,77,'2011-10-01',13,'2010-04-08','2010-04-08'),(4457,43,2,'2010-03-01',20,'2010-03-31','2010-03-31'),(4489,44,75,'2010-04-01',70,'2010-03-31','2010-03-31'),(4490,44,25,'2010-04-01',20,'2010-03-31','2010-03-31'),(4491,44,25,'2010-03-01',188,'2010-03-31','2010-03-31'),(5518,69,77,'2011-09-01',18,'2010-04-08','2010-04-08'),(5288,67,2,'2011-11-01',9,'2010-04-08','2010-04-08'),(5642,54,81,'2011-03-01',40,'2010-04-08','2010-04-08'),(4787,62,2,'2010-02-01',9,'2010-04-08','2010-04-08'),(4786,62,2,'2010-01-01',9,'2010-04-08','2010-04-08'),(4785,62,77,'2011-12-01',43,'2010-04-08','2010-04-08'),(5054,47,2,'2010-05-01',9,'2010-04-08','2010-04-08'),(5053,47,2,'2010-04-01',9,'2010-04-08','2010-04-08'),(5052,47,2,'2010-03-01',9,'2010-04-08','2010-04-08'),(5051,47,2,'2010-02-01',9,'2010-04-08','2010-04-08'),(4258,47,54,'2010-02-01',1,'2010-03-30','2010-03-30'),(4257,47,59,'2010-02-01',4,'2010-03-30','2010-03-30'),(4256,47,36,'2010-02-01',5,'2010-03-30','2010-03-30'),(4255,47,53,'2010-02-01',32,'2010-03-30','2010-03-30'),(4254,47,67,'2010-02-01',7,'2010-03-30','2010-03-30'),(4253,47,63,'2010-02-01',1,'2010-03-30','2010-03-30'),(4252,47,10,'2010-02-01',4,'2010-03-30','2010-03-30'),(4251,47,4,'2010-02-01',1,'2010-03-30','2010-03-30'),(4250,47,66,'2010-01-01',2,'2010-03-30','2010-03-30'),(4249,47,55,'2010-01-01',2,'2010-03-30','2010-03-30'),(4248,47,65,'2010-01-01',1,'2010-03-30','2010-03-30'),(4247,47,62,'2010-01-01',2,'2010-03-30','2010-03-30'),(5287,67,2,'2011-10-01',9,'2010-04-08','2010-04-08'),(4501,67,61,'2010-04-01',160,'2010-03-31','2010-03-31'),(4500,67,61,'2010-03-01',136,'2010-03-31','2010-03-31'),(5286,67,2,'2011-09-01',9,'2010-04-08','2010-04-08'),(5285,67,2,'2011-08-01',9,'2010-04-08','2010-04-08'),(5284,67,2,'2011-07-01',9,'2010-04-08','2010-04-08'),(4999,46,77,'2011-10-01',13,'2010-04-08','2010-04-08'),(4998,46,77,'2011-09-01',18,'2010-04-08','2010-04-08'),(5283,67,2,'2011-06-01',9,'2010-04-08','2010-04-08'),(5282,67,2,'2011-05-01',9,'2010-04-08','2010-04-08'),(5281,67,2,'2011-04-01',9,'2010-04-08','2010-04-08'),(5280,67,2,'2011-03-01',9,'2010-04-08','2010-04-08'),(5279,67,2,'2011-02-01',9,'2010-04-08','2010-04-08'),(4413,43,57,'2010-08-01',3,'2010-03-31','2010-03-31'),(4412,43,57,'2010-07-01',3,'2010-03-31','2010-03-31'),(4411,43,57,'2010-06-01',3,'2010-03-31','2010-03-31'),(4917,45,2,'2010-12-01',9,'2010-04-08','2010-04-08'),(4916,45,2,'2010-11-01',9,'2010-04-08','2010-04-08'),(4915,45,2,'2010-10-01',9,'2010-04-08','2010-04-08'),(4914,45,2,'2010-09-01',9,'2010-04-08','2010-04-08'),(4913,45,2,'2010-08-01',9,'2010-04-08','2010-04-08'),(4912,45,2,'2010-07-01',9,'2010-04-08','2010-04-08'),(4911,45,2,'2010-06-01',9,'2010-04-08','2010-04-08'),(5278,67,2,'2011-01-01',9,'2010-04-08','2010-04-08'),(5277,67,2,'2010-12-01',9,'2010-04-08','2010-04-08'),(4910,45,2,'2010-05-01',9,'2010-04-08','2010-04-08'),(4909,45,2,'2010-04-01',9,'2010-04-08','2010-04-08'),(4908,45,2,'2010-03-01',9,'2010-04-08','2010-04-08'),(4907,45,2,'2010-02-01',9,'2010-04-08','2010-04-08'),(4283,48,62,'2010-02-01',163,'2010-03-30','2010-03-30'),(4784,62,77,'2011-11-01',35,'2010-04-08','2010-04-08'),(4783,62,77,'2011-10-01',13,'2010-04-08','2010-04-08'),(4782,62,77,'2011-09-01',18,'2010-04-08','2010-04-08'),(4781,62,77,'2011-08-01',16,'2010-04-08','2010-04-08'),(4780,62,77,'2011-07-01',32,'2010-04-08','2010-04-08'),(4779,62,77,'2011-06-01',13,'2010-04-08','2010-04-08'),(4778,62,77,'2011-05-01',18,'2010-04-08','2010-04-08'),(4282,48,34,'2010-01-01',2,'2010-03-30','2010-03-30'),(4281,48,54,'2010-01-01',2,'2010-03-30','2010-03-30'),(4280,48,55,'2010-01-01',1,'2010-03-30','2010-03-30'),(4279,48,62,'2010-01-01',155,'2010-03-30','2010-03-30'),(4278,47,53,'2010-04-01',40,'2010-03-30','2010-03-30'),(4277,47,20,'2010-04-01',20,'2010-03-30','2010-03-30'),(4276,47,19,'2010-04-01',40,'2010-03-30','2010-03-30'),(4561,52,36,'2010-03-01',180,'2010-03-31','2010-03-31'),(4560,52,36,'2010-02-01',165,'2010-03-31','2010-03-31'),(4559,52,62,'2010-02-01',3,'2010-03-31','2010-03-31'),(4943,64,2,'2011-02-01',9,'2010-04-08','2010-04-08'),(4942,64,2,'2011-01-01',9,'2010-04-08','2010-04-08'),(4941,64,2,'2010-12-01',9,'2010-04-08','2010-04-08'),(4940,64,2,'2010-11-01',9,'2010-04-08','2010-04-08'),(4939,64,2,'2010-10-01',9,'2010-04-08','2010-04-08'),(4938,64,2,'2010-09-01',9,'2010-04-08','2010-04-08'),(4937,64,2,'2010-08-01',9,'2010-04-08','2010-04-08'),(4936,64,2,'2010-07-01',9,'2010-04-08','2010-04-08'),(4935,64,2,'2010-06-01',9,'2010-04-08','2010-04-08'),(4934,64,2,'2010-05-01',9,'2010-04-08','2010-04-08'),(4933,64,2,'2010-04-01',9,'2010-04-08','2010-04-08'),(4932,64,2,'2010-03-01',9,'2010-04-08','2010-04-08'),(4777,62,77,'2011-04-01',10,'2010-04-08','2010-04-08'),(4776,62,77,'2011-03-01',15,'2010-04-08','2010-04-08'),(4775,62,77,'2011-02-01',8,'2010-04-08','2010-04-08'),(4492,44,25,'2010-05-01',60,'2010-03-31','2010-03-31'),(4493,44,34,'2010-04-01',80,'2010-03-31','2010-03-31'),(4451,43,26,'2010-03-01',4,'2010-03-31','2010-03-31'),(5149,48,2,'2010-04-01',9,'2010-04-08','2010-04-08'),(5148,48,2,'2010-03-01',9,'2010-04-08','2010-04-08'),(5147,48,2,'2010-02-01',9,'2010-04-08','2010-04-08'),(5146,48,2,'2010-01-01',9,'2010-04-08','2010-04-08'),(5145,48,77,'2011-12-01',43,'2010-04-08','2010-04-08'),(5144,48,77,'2011-11-01',35,'2010-04-08','2010-04-08'),(5143,48,77,'2011-10-01',13,'2010-04-08','2010-04-08'),(5142,48,77,'2011-09-01',18,'2010-04-08','2010-04-08'),(4679,56,77,'2011-02-01',8,'2010-04-08','2010-04-08'),(4558,52,34,'2010-01-01',50,'2010-03-31','2010-03-31'),(4774,62,77,'2011-01-01',17,'2010-04-08','2010-04-08'),(4773,62,77,'2010-12-01',43,'2010-04-08','2010-04-08'),(4772,62,77,'2010-11-01',35,'2010-04-08','2010-04-08'),(4771,62,77,'2010-10-01',13,'2010-04-08','2010-04-08'),(4770,62,77,'2010-09-01',18,'2010-04-08','2010-04-08'),(4769,62,77,'2010-08-01',16,'2010-04-08','2010-04-08'),(4768,62,77,'2010-07-01',32,'2010-04-08','2010-04-08'),(4767,62,77,'2010-06-01',13,'2010-04-08','2010-04-08'),(4766,62,77,'2010-05-01',18,'2010-04-08','2010-04-08'),(4765,62,77,'2010-04-01',10,'2010-04-08','2010-04-08'),(4764,62,77,'2010-03-01',15,'2010-04-08','2010-04-08'),(5498,69,77,'2010-01-01',17,'2010-04-08','2010-04-08'),(5497,68,2,'2011-12-01',9,'2010-04-08','2010-04-08'),(5496,68,2,'2011-11-01',9,'2010-04-08','2010-04-08'),(5495,68,2,'2011-10-01',9,'2010-04-08','2010-04-08'),(5494,68,2,'2011-09-01',9,'2010-04-08','2010-04-08'),(5493,68,2,'2011-08-01',9,'2010-04-08','2010-04-08'),(5492,68,2,'2011-07-01',9,'2010-04-08','2010-04-08'),(5491,68,2,'2011-06-01',9,'2010-04-08','2010-04-08'),(5490,68,2,'2011-05-01',9,'2010-04-08','2010-04-08'),(5489,68,2,'2011-04-01',9,'2010-04-08','2010-04-08'),(5488,68,2,'2011-03-01',9,'2010-04-08','2010-04-08'),(5487,68,2,'2011-02-01',9,'2010-04-08','2010-04-08'),(4114,49,29,'2010-02-01',162,'2010-03-30','2010-03-30'),(4113,49,29,'2010-01-01',139,'2010-03-30','2010-03-30'),(4112,49,54,'2010-03-01',2,'2010-03-30','2010-03-30'),(5486,68,2,'2011-01-01',9,'2010-04-08','2010-04-08'),(4111,49,54,'2010-02-01',1,'2010-03-30','2010-03-30'),(4110,49,54,'2010-01-01',3,'2010-03-30','2010-03-30'),(4109,49,53,'2010-03-01',5,'2010-03-30','2010-03-30'),(5542,69,2,'2011-09-01',9,'2010-04-08','2010-04-08'),(5541,69,2,'2011-08-01',9,'2010-04-08','2010-04-08'),(5540,69,2,'2011-07-01',9,'2010-04-08','2010-04-08'),(5485,68,2,'2010-12-01',9,'2010-04-08','2010-04-08'),(5276,67,2,'2010-11-01',9,'2010-04-08','2010-04-08'),(5275,67,2,'2010-10-01',9,'2010-04-08','2010-04-08'),(4997,46,77,'2011-08-01',16,'2010-04-08','2010-04-08'),(4996,46,77,'2011-07-01',32,'2010-04-08','2010-04-08'),(5109,53,2,'2010-12-01',9,'2010-04-08','2010-04-08'),(4995,46,77,'2011-06-01',13,'2010-04-08','2010-04-08'),(5108,53,2,'2010-11-01',9,'2010-04-08','2010-04-08'),(4678,56,77,'2011-01-01',17,'2010-04-08','2010-04-08'),(4677,56,77,'2010-12-01',43,'2010-04-08','2010-04-08'),(4676,56,77,'2010-11-01',35,'2010-04-08','2010-04-08'),(4675,56,77,'2010-10-01',13,'2010-04-08','2010-04-08'),(4994,46,77,'2011-05-01',18,'2010-04-08','2010-04-08'),(5141,48,77,'2011-08-01',16,'2010-04-08','2010-04-08'),(5107,53,2,'2010-10-01',9,'2010-04-08','2010-04-08'),(5106,53,2,'2010-09-01',9,'2010-04-08','2010-04-08'),(5105,53,2,'2010-08-01',9,'2010-04-08','2010-04-08'),(5104,53,2,'2010-07-01',9,'2010-04-08','2010-04-08'),(5103,53,2,'2010-06-01',9,'2010-04-08','2010-04-08'),(5274,67,2,'2010-09-01',9,'2010-04-08','2010-04-08'),(5273,67,2,'2010-08-01',9,'2010-04-08','2010-04-08'),(5272,67,2,'2010-07-01',9,'2010-04-08','2010-04-08'),(5271,67,2,'2010-06-01',9,'2010-04-08','2010-04-08'),(5270,67,2,'2010-05-01',9,'2010-04-08','2010-04-08'),(5269,67,2,'2010-04-01',9,'2010-04-08','2010-04-08'),(5268,67,2,'2010-03-01',9,'2010-04-08','2010-04-08'),(5267,67,2,'2010-02-01',9,'2010-04-08','2010-04-08'),(5266,67,2,'2010-01-01',9,'2010-04-08','2010-04-08'),(4369,43,73,'2010-02-01',12,'2010-03-31','2010-03-31'),(4906,45,2,'2010-01-01',9,'2010-04-08','2010-04-08'),(4905,45,77,'2011-12-01',43,'2010-04-08','2010-04-08'),(4904,45,77,'2011-11-01',35,'2010-04-08','2010-04-08'),(4903,45,77,'2011-10-01',13,'2010-04-08','2010-04-08'),(4902,45,77,'2011-09-01',18,'2010-04-08','2010-04-08'),(4368,43,18,'2010-02-01',2,'2010-03-31','2010-03-31'),(5102,53,2,'2010-05-01',9,'2010-04-08','2010-04-08'),(5101,53,2,'2010-04-01',9,'2010-04-08','2010-04-08'),(5100,53,2,'2010-03-01',9,'2010-04-08','2010-04-08'),(5099,53,2,'2010-02-01',9,'2010-04-08','2010-04-08'),(5098,53,2,'2010-01-01',9,'2010-04-08','2010-04-08'),(5097,53,77,'2011-12-01',43,'2010-04-08','2010-04-08'),(5096,53,77,'2011-11-01',35,'2010-04-08','2010-04-08'),(5095,53,77,'2011-10-01',13,'2010-04-08','2010-04-08'),(5094,53,77,'2011-09-01',18,'2010-04-08','2010-04-08'),(5093,53,77,'2011-08-01',16,'2010-04-08','2010-04-08'),(5092,53,77,'2011-07-01',32,'2010-04-08','2010-04-08'),(4901,45,77,'2011-08-01',16,'2010-04-08','2010-04-08'),(4900,45,77,'2011-07-01',32,'2010-04-08','2010-04-08'),(4899,45,77,'2011-06-01',13,'2010-04-08','2010-04-08'),(4898,45,77,'2011-05-01',18,'2010-04-08','2010-04-08'),(4897,45,77,'2011-04-01',10,'2010-04-08','2010-04-08'),(4896,45,77,'2011-03-01',15,'2010-04-08','2010-04-08'),(4895,45,77,'2011-02-01',8,'2010-04-08','2010-04-08'),(4894,45,77,'2011-01-01',17,'2010-04-08','2010-04-08'),(4893,45,77,'2010-12-01',43,'2010-04-08','2010-04-08'),(4892,45,77,'2010-11-01',35,'2010-04-08','2010-04-08'),(4891,45,77,'2010-10-01',13,'2010-04-08','2010-04-08'),(4890,45,77,'2010-09-01',18,'2010-04-08','2010-04-08'),(4889,45,77,'2010-08-01',16,'2010-04-08','2010-04-08'),(4499,67,4,'2010-03-01',7,'2010-03-31','2010-03-31'),(4498,67,61,'2010-02-01',136,'2010-03-31','2010-03-31'),(4497,67,4,'2010-02-01',22,'2010-03-31','2010-03-31'),(5484,68,2,'2010-11-01',9,'2010-04-08','2010-04-08'),(4108,49,53,'2010-02-01',3,'2010-03-30','2010-03-30'),(4888,45,77,'2010-07-01',32,'2010-04-08','2010-04-08'),(4887,45,77,'2010-06-01',13,'2010-04-08','2010-04-08'),(4450,43,25,'2010-08-01',20,'2010-03-31','2010-03-31'),(5402,49,2,'2011-05-01',9,'2010-04-08','2010-04-08'),(5401,49,2,'2011-04-01',9,'2010-04-08','2010-04-08'),(5400,49,2,'2011-03-01',9,'2010-04-08','2010-04-08'),(5399,49,2,'2011-02-01',9,'2010-04-08','2010-04-08'),(5357,44,2,'2011-08-01',9,'2010-04-08','2010-04-08'),(5356,44,2,'2011-07-01',9,'2010-04-08','2010-04-08'),(5355,44,2,'2011-06-01',9,'2010-04-08','2010-04-08'),(5354,44,2,'2011-05-01',9,'2010-04-08','2010-04-08'),(5353,44,2,'2011-04-01',9,'2010-04-08','2010-04-08'),(4408,43,57,'2010-03-01',3,'2010-03-31','2010-03-31'),(4407,43,36,'2010-08-01',6,'2010-03-31','2010-03-31'),(4406,43,36,'2010-07-01',6,'2010-03-31','2010-03-31'),(4405,43,36,'2010-06-01',6,'2010-03-31','2010-03-31'),(5091,53,77,'2011-06-01',13,'2010-04-08','2010-04-08'),(5140,48,77,'2011-07-01',32,'2010-04-08','2010-04-08'),(5139,48,77,'2011-06-01',13,'2010-04-08','2010-04-08'),(5138,48,77,'2011-05-01',18,'2010-04-08','2010-04-08'),(5137,48,77,'2011-04-01',10,'2010-04-08','2010-04-08'),(5136,48,77,'2011-03-01',15,'2010-04-08','2010-04-08'),(5135,48,77,'2011-02-01',8,'2010-04-08','2010-04-08'),(5134,48,77,'2011-01-01',17,'2010-04-08','2010-04-08'),(5133,48,77,'2010-12-01',43,'2010-04-08','2010-04-08'),(5132,48,77,'2010-11-01',35,'2010-04-08','2010-04-08'),(4674,56,77,'2010-09-01',18,'2010-04-08','2010-04-08'),(4673,56,77,'2010-08-01',16,'2010-04-08','2010-04-08'),(4672,56,77,'2010-07-01',32,'2010-04-08','2010-04-08'),(4671,56,77,'2010-06-01',13,'2010-04-08','2010-04-08'),(4670,56,77,'2010-05-01',18,'2010-04-08','2010-04-08'),(4665,60,2,'2011-12-01',9,'2010-04-08','2010-04-08'),(4664,60,2,'2011-11-01',9,'2010-04-08','2010-04-08'),(4663,60,2,'2011-10-01',9,'2010-04-08','2010-04-08'),(5641,44,81,'2011-03-01',160,'2010-04-08','2010-04-08'),(5483,68,2,'2010-10-01',9,'2010-04-08','2010-04-08'),(4662,60,2,'2011-09-01',9,'2010-04-08','2010-04-08'),(4661,60,2,'2011-08-01',9,'2010-04-08','2010-04-08'),(4660,60,2,'2011-07-01',9,'2010-04-08','2010-04-08'),(4659,60,2,'2011-06-01',9,'2010-04-08','2010-04-08'),(5640,47,81,'2011-04-01',120,'2010-04-08','2010-04-08'),(5786,64,81,'2011-03-01',160,'2010-04-08','2010-04-08'),(5637,44,81,'2011-04-01',160,'2010-04-08','2010-04-08'),(5639,47,81,'2011-03-01',140,'2010-04-08','2010-04-08'),(4557,52,36,'2010-01-01',109,'2010-03-31','2010-03-31'),(4556,64,19,'2010-05-01',160,'2010-03-31','2010-03-31'),(4658,60,2,'2011-05-01',9,'2010-04-08','2010-04-08'),(4657,60,2,'2011-04-01',9,'2010-04-08','2010-04-08'),(4656,60,2,'2011-03-01',9,'2010-04-08','2010-04-08'),(5785,64,81,'2011-02-01',160,'2010-04-08','2010-04-08'),(5634,54,81,'2011-02-01',40,'2010-04-08','2010-04-08'),(5362,49,77,'2010-01-01',17,'2010-04-08','2010-04-08'),(5352,44,2,'2011-03-01',9,'2010-04-08','2010-04-08'),(5351,44,2,'2011-02-01',9,'2010-04-08','2010-04-08'),(5350,44,2,'2011-01-01',9,'2010-04-08','2010-04-08'),(5349,44,2,'2010-12-01',9,'2010-04-08','2010-04-08'),(4449,43,25,'2010-07-01',20,'2010-03-31','2010-03-31'),(4448,43,25,'2010-06-01',20,'2010-03-31','2010-03-31'),(4447,43,25,'2010-05-01',20,'2010-03-31','2010-03-31'),(4446,43,25,'2010-04-01',20,'2010-03-31','2010-03-31'),(4445,43,25,'2010-03-01',20,'2010-03-31','2010-03-31'),(5265,66,2,'2011-12-01',9,'2010-04-08','2010-04-08'),(4555,64,19,'2010-04-01',160,'2010-03-31','2010-03-31'),(4554,64,34,'2010-01-01',146,'2010-03-31','2010-03-31'),(5539,69,2,'2011-06-01',9,'2010-04-08','2010-04-08'),(5538,69,2,'2011-05-01',9,'2010-04-08','2010-04-08'),(5537,69,2,'2011-04-01',9,'2010-04-08','2010-04-08'),(5536,69,2,'2011-03-01',9,'2010-04-08','2010-04-08'),(5558,54,2,'2011-01-01',9,'2010-04-08','2010-04-08'),(5557,54,2,'2010-12-01',9,'2010-04-08','2010-04-08'),(5556,54,2,'2010-11-01',9,'2010-04-08','2010-04-08'),(5555,54,2,'2010-10-01',9,'2010-04-08','2010-04-08'),(5554,54,2,'2010-09-01',9,'2010-04-08','2010-04-08'),(5553,54,2,'2010-08-01',9,'2010-04-08','2010-04-08'),(5552,54,2,'2010-07-01',9,'2010-04-08','2010-04-08'),(5551,54,2,'2010-06-01',9,'2010-04-08','2010-04-08'),(5550,54,2,'2010-05-01',9,'2010-04-08','2010-04-08'),(5549,54,2,'2010-04-01',9,'2010-04-08','2010-04-08'),(5548,54,2,'2010-03-01',9,'2010-04-08','2010-04-08'),(5547,54,2,'2010-02-01',9,'2010-04-08','2010-04-08'),(4931,64,2,'2010-02-01',9,'2010-04-08','2010-04-08'),(4930,64,2,'2010-01-01',9,'2010-04-08','2010-04-08'),(5264,66,2,'2011-11-01',9,'2010-04-08','2010-04-08'),(5263,66,2,'2011-10-01',9,'2010-04-08','2010-04-08'),(5262,66,2,'2011-09-01',9,'2010-04-08','2010-04-08'),(5261,66,2,'2011-08-01',9,'2010-04-08','2010-04-08'),(4107,49,53,'2010-01-01',2,'2010-03-30','2010-03-30'),(4106,0,4,'2010-03-01',10,'2010-03-30','2010-03-30'),(4105,0,4,'2010-02-01',25,'2010-03-30','2010-03-30'),(4104,0,4,'2010-01-01',30,'2010-03-30','2010-03-30'),(5651,60,49,'2010-12-01',60,'2010-04-08','2010-04-08'),(4552,64,34,'2010-02-01',97,'2010-03-31','2010-03-31'),(4551,64,25,'2010-02-01',55,'2010-03-31','2010-03-31'),(4550,64,34,'2010-03-01',70,'2010-03-31','2010-03-31'),(4549,64,25,'2010-03-01',8,'2010-03-31','2010-03-31'),(4548,64,19,'2010-03-01',90,'2010-03-31','2010-03-31'),(4547,47,19,'2010-08-01',40,'2010-03-31','2010-03-31'),(4614,47,20,'2010-05-01',40,'2010-04-08','2010-04-08'),(4545,47,37,'2010-04-01',40,'2010-03-31','2010-03-31'),(4544,47,37,'2010-03-01',10,'2010-03-31','2010-03-31'),(4543,48,29,'2010-08-01',40,'2010-03-31','2010-03-31'),(4542,48,29,'2010-07-01',40,'2010-03-31','2010-03-31'),(4541,48,29,'2010-06-01',80,'2010-03-31','2010-03-31'),(4540,48,62,'2010-08-01',40,'2010-03-31','2010-03-31'),(5090,53,77,'2011-05-01',18,'2010-04-08','2010-04-08'),(5089,53,77,'2011-04-01',10,'2010-04-08','2010-04-08'),(5088,53,77,'2011-03-01',15,'2010-04-08','2010-04-08'),(5087,53,77,'2011-02-01',8,'2010-04-08','2010-04-08'),(4655,60,2,'2011-02-01',9,'2010-04-08','2010-04-08'),(4654,60,2,'2011-01-01',9,'2010-04-08','2010-04-08'),(4653,60,2,'2010-12-01',9,'2010-04-08','2010-04-08'),(4652,60,2,'2010-11-01',9,'2010-04-08','2010-04-08'),(4651,60,2,'2010-10-01',9,'2010-04-08','2010-04-08'),(4650,60,2,'2010-09-01',9,'2010-04-08','2010-04-08'),(4649,60,2,'2010-08-01',9,'2010-04-08','2010-04-08'),(5086,53,77,'2011-01-01',17,'2010-04-08','2010-04-08'),(5398,49,2,'2011-01-01',9,'2010-04-08','2010-04-08'),(5397,49,2,'2010-12-01',9,'2010-04-08','2010-04-08'),(4713,56,2,'2011-12-01',9,'2010-04-08','2010-04-08'),(4712,56,2,'2011-11-01',9,'2010-04-08','2010-04-08'),(4711,56,2,'2011-10-01',9,'2010-04-08','2010-04-08'),(4710,56,2,'2011-09-01',9,'2010-04-08','2010-04-08'),(4709,56,2,'2011-08-01',9,'2010-04-08','2010-04-08'),(4708,56,2,'2011-07-01',9,'2010-04-08','2010-04-08'),(4707,56,2,'2011-06-01',9,'2010-04-08','2010-04-08'),(4706,56,2,'2011-05-01',9,'2010-04-08','2010-04-08'),(4705,56,2,'2011-04-01',9,'2010-04-08','2010-04-08'),(4704,56,2,'2011-03-01',9,'2010-04-08','2010-04-08'),(5546,54,2,'2010-01-01',9,'2010-04-08','2010-04-08'),(5545,69,2,'2011-12-01',9,'2010-04-08','2010-04-08'),(4993,46,77,'2011-04-01',10,'2010-04-08','2010-04-08'),(5633,54,81,'2011-01-01',130,'2010-04-08','2010-04-08'),(5632,44,81,'2011-02-01',160,'2010-04-08','2010-04-08'),(5631,44,81,'2011-01-01',160,'2010-04-08','2010-04-08'),(5630,47,81,'2011-02-01',160,'2010-04-08','2010-04-08'),(5629,47,81,'2011-01-01',160,'2010-04-08','2010-04-08'),(5787,64,81,'2011-04-01',120,'2010-04-08','2010-04-08'),(5788,64,81,'2011-05-01',160,'2010-04-08','2010-04-08'),(5652,46,49,'2010-12-01',20,'2010-04-08','2010-04-08'),(5625,44,81,'2010-10-01',160,'2010-04-08','2010-04-08'),(4322,69,62,'2010-02-01',5,'2010-03-31','2010-03-31'),(4321,69,34,'2010-01-01',96,'2010-03-31','2010-03-31'),(4320,69,36,'2010-01-01',13,'2010-03-31','2010-03-31'),(4616,43,74,'2010-04-01',10,'2010-04-08','2010-04-08'),(4621,60,77,'2010-04-01',10,'2010-04-08','2010-04-08'),(4317,68,62,'2010-06-01',80,'2010-03-31','2010-03-31'),(4316,68,62,'2010-05-01',80,'2010-03-31','2010-03-31'),(4315,68,62,'2010-04-01',160,'2010-03-31','2010-03-31'),(4622,60,77,'2010-05-01',18,'2010-04-08','2010-04-08'),(4623,60,77,'2010-06-01',13,'2010-04-08','2010-04-08'),(4312,68,29,'2010-06-01',80,'2010-03-31','2010-03-31'),(5624,54,81,'2010-10-01',160,'2010-04-08','2010-04-08'),(4992,46,77,'2011-03-01',15,'2010-04-08','2010-04-08'),(4991,46,77,'2011-02-01',8,'2010-04-08','2010-04-08'),(4990,46,77,'2011-01-01',17,'2010-04-08','2010-04-08'),(4989,46,77,'2010-12-01',43,'2010-04-08','2010-04-08'),(5085,53,77,'2010-12-01',43,'2010-04-08','2010-04-08'),(5084,53,77,'2010-11-01',35,'2010-04-08','2010-04-08'),(5083,53,77,'2010-10-01',13,'2010-04-08','2010-04-08'),(5082,53,77,'2010-09-01',18,'2010-04-08','2010-04-08'),(5081,53,77,'2010-08-01',16,'2010-04-08','2010-04-08'),(5080,53,77,'2010-07-01',32,'2010-04-08','2010-04-08'),(5079,53,77,'2010-06-01',13,'2010-04-08','2010-04-08'),(5544,69,2,'2011-11-01',9,'2010-04-08','2010-04-08'),(4988,46,77,'2010-11-01',35,'2010-04-08','2010-04-08'),(4987,46,77,'2010-10-01',13,'2010-04-08','2010-04-08'),(4986,46,77,'2010-09-01',18,'2010-04-08','2010-04-08'),(4985,46,77,'2010-08-01',16,'2010-04-08','2010-04-08'),(4984,46,77,'2010-07-01',32,'2010-04-08','2010-04-08'),(4983,46,77,'2010-06-01',13,'2010-04-08','2010-04-08'),(4982,46,77,'2010-05-01',18,'2010-04-08','2010-04-08'),(4981,46,77,'2010-04-01',10,'2010-04-08','2010-04-08'),(4980,46,77,'2010-03-01',15,'2010-04-08','2010-04-08'),(4979,46,77,'2010-02-01',8,'2010-04-08','2010-04-08'),(4978,46,77,'2010-01-01',17,'2010-04-08','2010-04-08'),(4977,64,77,'2011-12-01',43,'2010-04-08','2010-04-08'),(4763,62,77,'2010-02-01',8,'2010-04-08','2010-04-08'),(4762,62,77,'2010-01-01',17,'2010-04-08','2010-04-08'),(4761,61,2,'2011-12-01',9,'2010-04-08','2010-04-08'),(4760,61,2,'2011-11-01',9,'2010-04-08','2010-04-08'),(4759,61,2,'2011-10-01',9,'2010-04-08','2010-04-08'),(4758,61,2,'2011-09-01',9,'2010-04-08','2010-04-08'),(4757,61,2,'2011-08-01',9,'2010-04-08','2010-04-08'),(4756,61,2,'2011-07-01',9,'2010-04-08','2010-04-08'),(4755,61,2,'2011-06-01',9,'2010-04-08','2010-04-08'),(4754,61,2,'2011-05-01',9,'2010-04-08','2010-04-08'),(4753,61,2,'2011-04-01',9,'2010-04-08','2010-04-08'),(4752,61,2,'2011-03-01',9,'2010-04-08','2010-04-08'),(4539,48,62,'2010-07-01',40,'2010-03-31','2010-03-31'),(4538,48,62,'2010-06-01',40,'2010-03-31','2010-03-31'),(4537,48,62,'2010-05-01',40,'2010-03-31','2010-03-31'),(4536,48,29,'2010-05-01',80,'2010-03-31','2010-03-31'),(4535,48,29,'2010-04-01',80,'2010-03-31','2010-03-31'),(4534,55,62,'2010-08-01',180,'2010-03-31','2010-03-31'),(4533,55,62,'2010-07-01',180,'2010-03-31','2010-03-31'),(4532,55,62,'2010-06-01',180,'2010-03-31','2010-03-31'),(4531,55,62,'2010-05-01',180,'2010-03-31','2010-03-31'),(4530,55,62,'2010-04-01',180,'2010-03-31','2010-03-31'),(4529,55,62,'2010-03-01',180,'2010-03-31','2010-03-31'),(4528,55,62,'2010-02-01',180,'2010-03-31','2010-03-31'),(4158,53,57,'2010-12-01',30,'2010-03-30','2010-03-30'),(4157,53,57,'2010-11-01',30,'2010-03-30','2010-03-30'),(4156,53,57,'2010-10-01',30,'2010-03-30','2010-03-30'),(4155,53,57,'2010-09-01',30,'2010-03-30','2010-03-30'),(4154,53,57,'2010-08-01',30,'2010-03-30','2010-03-30'),(4153,53,57,'2010-07-01',30,'2010-03-30','2010-03-30'),(4152,53,57,'2010-06-01',30,'2010-03-30','2010-03-30'),(4151,53,57,'2010-05-01',30,'2010-03-30','2010-03-30'),(4150,53,57,'2010-04-01',30,'2010-03-30','2010-03-30'),(4149,53,8,'2010-12-01',90,'2010-03-30','2010-03-30'),(4148,53,8,'2010-11-01',90,'2010-03-30','2010-03-30'),(4147,53,8,'2010-10-01',90,'2010-03-30','2010-03-30'),(4355,43,4,'2010-02-01',12,'2010-03-31','2010-03-31'),(4339,43,55,'2010-01-01',1,'2010-03-31','2010-03-31'),(4340,43,10,'2010-01-01',1,'2010-03-31','2010-03-31'),(4341,43,62,'2010-01-01',12,'2010-03-31','2010-03-31'),(4342,43,53,'2010-01-01',1,'2010-03-31','2010-03-31'),(4146,53,8,'2010-09-01',90,'2010-03-30','2010-03-30'),(4145,53,8,'2010-08-01',90,'2010-03-30','2010-03-30'),(4144,53,8,'2010-07-01',90,'2010-03-30','2010-03-30'),(4143,53,8,'2010-06-01',90,'2010-03-30','2010-03-30'),(4142,53,8,'2010-05-01',90,'2010-03-30','2010-03-30'),(4141,53,8,'2010-04-01',90,'2010-03-30','2010-03-30'),(4140,53,24,'2010-03-01',2,'2010-03-30','2010-03-30'),(5748,45,83,'2011-08-01',80,'2010-04-08','2010-04-08'),(5749,45,83,'2011-09-01',80,'2010-04-08','2010-04-08'),(5750,45,83,'2011-10-01',80,'2010-04-08','2010-04-08'),(5751,45,83,'2011-11-01',80,'2010-04-08','2010-04-08'),(5752,45,83,'2011-12-01',80,'2010-04-08','2010-04-08'),(5753,69,83,'2010-08-01',135,'2010-04-08','2010-04-08'),(5754,69,83,'2010-09-01',135,'2010-04-08','2010-04-08'),(5755,69,83,'2010-10-01',140,'2010-04-08','2010-04-08'),(5756,69,83,'2010-11-01',120,'2010-04-08','2010-04-08'),(5757,69,83,'2010-12-01',110,'2010-04-08','2010-04-08'),(5758,69,83,'2011-01-01',135,'2010-04-08','2010-04-08'),(5759,69,83,'2011-02-01',145,'2010-04-08','2010-04-08'),(5760,69,83,'2011-03-01',140,'2010-04-08','2010-04-08'),(5761,69,83,'2011-04-01',142,'2010-04-08','2010-04-08'),(5762,69,83,'2011-05-01',140,'2010-04-08','2010-04-08'),(5763,69,83,'2011-06-01',140,'2010-04-08','2010-04-08'),(5764,69,83,'2011-07-01',120,'2010-04-08','2010-04-08'),(5765,69,83,'2011-08-01',135,'2010-04-08','2010-04-08'),(5766,69,83,'2011-09-01',135,'2010-04-08','2010-04-08'),(5767,69,83,'2011-10-01',140,'2010-04-08','2010-04-08'),(5768,69,83,'2011-11-01',120,'2010-04-08','2010-04-08'),(5769,69,83,'2011-12-01',110,'2010-04-08','2010-04-08'),(5770,46,81,'2011-03-01',100,'2010-04-08','2010-04-08'),(5771,46,81,'2011-04-01',100,'2010-04-08','2010-04-08'),(5772,46,81,'2011-05-01',110,'2010-04-08','2010-04-08'),(5773,46,81,'2011-06-01',80,'2010-04-08','2010-04-08'),(5782,46,83,'2011-09-01',60,'2010-04-08','2010-04-08'),(5781,46,83,'2011-08-01',105,'2010-04-08','2010-04-08'),(5780,46,83,'2011-07-01',70,'2010-04-08','2010-04-08'),(5790,61,83,'2010-08-01',160,'2010-04-08','2010-04-08'),(5783,46,83,'2011-10-01',70,'2010-04-08','2010-04-08'),(5791,61,83,'2010-09-01',160,'2010-04-08','2010-04-08'),(5792,61,83,'2010-10-01',160,'2010-04-08','2010-04-08'),(5793,61,83,'2010-11-01',160,'2010-04-08','2010-04-08'),(5794,61,83,'2010-12-01',160,'2010-04-08','2010-04-08'),(5795,61,83,'2011-01-01',160,'2010-04-08','2010-04-08'),(5796,61,83,'2011-02-01',160,'2010-04-08','2010-04-08'),(5797,61,83,'2011-03-01',160,'2010-04-08','2010-04-08'),(5798,61,83,'2011-04-01',160,'2010-04-08','2010-04-08'),(5799,61,83,'2011-05-01',160,'2010-04-08','2010-04-08'),(5800,61,83,'2011-06-01',160,'2010-04-08','2010-04-08'),(5801,61,83,'2011-07-01',160,'2010-04-08','2010-04-08'),(5802,61,83,'2011-08-01',160,'2010-04-08','2010-04-08'),(5803,61,83,'2011-09-01',160,'2010-04-08','2010-04-08'),(5804,61,83,'2011-10-01',160,'2010-04-08','2010-04-08'),(5805,61,83,'2011-11-01',160,'2010-04-08','2010-04-08'),(5806,61,83,'2011-12-01',160,'2010-04-08','2010-04-08'),(5810,63,83,'2010-11-01',80,'2010-04-08','2010-04-08'),(5811,63,83,'2010-12-01',80,'2010-04-08','2010-04-08'),(5812,63,83,'2011-01-01',80,'2010-04-08','2010-04-08'),(5813,63,83,'2011-02-01',80,'2010-04-08','2010-04-08'),(5814,63,83,'2011-03-01',80,'2010-04-08','2010-04-08'),(5815,63,83,'2011-04-01',80,'2010-04-08','2010-04-08'),(5816,63,83,'2011-05-01',80,'2010-04-08','2010-04-08'),(5817,63,83,'2011-06-01',80,'2010-04-08','2010-04-08'),(5818,63,83,'2011-07-01',80,'2010-04-08','2010-04-08'),(5819,63,83,'2011-08-01',80,'2010-04-08','2010-04-08'),(5820,63,83,'2011-09-01',80,'2010-04-08','2010-04-08'),(5821,63,83,'2011-10-01',80,'2010-04-08','2010-04-08'),(5822,63,83,'2011-11-01',80,'2010-04-08','2010-04-08'),(5823,63,83,'2011-12-01',80,'2010-04-08','2010-04-08'),(5824,43,83,'2010-08-01',40,'2010-04-08','2010-04-08'),(5825,43,83,'2010-09-01',40,'2010-04-08','2010-04-08'),(5826,43,83,'2010-10-01',40,'2010-04-08','2010-04-08'),(5827,43,83,'2010-11-01',40,'2010-04-08','2010-04-08'),(5828,43,83,'2010-12-01',40,'2010-04-08','2010-04-08'),(5829,43,83,'2011-01-01',40,'2010-04-08','2010-04-08'),(5830,43,83,'2011-02-01',40,'2010-04-08','2010-04-08'),(5831,43,83,'2011-03-01',40,'2010-04-08','2010-04-08'),(5832,43,83,'2011-04-01',40,'2010-04-08','2010-04-08'),(5833,43,83,'2011-05-01',40,'2010-04-08','2010-04-08'),(5834,43,83,'2011-06-01',40,'2010-04-08','2010-04-08'),(5835,43,83,'2011-07-01',40,'2010-04-08','2010-04-08'),(5836,43,83,'2011-08-01',40,'2010-04-08','2010-04-08'),(5837,43,83,'2011-09-01',40,'2010-04-08','2010-04-08'),(5838,43,83,'2011-10-01',40,'2010-04-08','2010-04-08'),(5839,43,83,'2011-11-01',40,'2010-04-08','2010-04-08'),(5840,43,83,'2011-12-01',40,'2010-04-08','2010-04-08');
UNLOCK TABLES;
/*!40000 ALTER TABLE `ActivePerson` ENABLE KEYS */;

--
-- Table structure for table `Basline`
--

DROP TABLE IF EXISTS `Basline`;
CREATE TABLE `Basline` (
  `id` int(16) unsigned NOT NULL auto_increment,
  `date` date NOT NULL,
  `name` varchar(80) default NULL,
  `created` date NOT NULL,
  `modified` date NOT NULL,
  PRIMARY KEY  (`id`),
  UNIQUE KEY `name` (`name`)
) ENGINE=MyISAM DEFAULT CHARSET=latin1;

--
-- Dumping data for table `Basline`
--


/*!40000 ALTER TABLE `Basline` DISABLE KEYS */;
LOCK TABLES `Basline` WRITE;
UNLOCK TABLES;
/*!40000 ALTER TABLE `Basline` ENABLE KEYS */;

--
-- Table structure for table `HeadCount`
--

DROP TABLE IF EXISTS `HeadCount`;
CREATE TABLE `HeadCount` (
  `id` int(16) unsigned NOT NULL auto_increment,
  `date` date NOT NULL,
  `number` int(16) unsigned NOT NULL,
  `created` date NOT NULL,
  `modified` date NOT NULL,
  PRIMARY KEY  (`id`)
) ENGINE=MyISAM DEFAULT CHARSET=latin1;

--
-- Dumping data for table `HeadCount`
--


/*!40000 ALTER TABLE `HeadCount` DISABLE KEYS */;
LOCK TABLES `HeadCount` WRITE;
UNLOCK TABLES;
/*!40000 ALTER TABLE `HeadCount` ENABLE KEYS */;

--
-- Table structure for table `Person`
--

DROP TABLE IF EXISTS `Person`;
CREATE TABLE `Person` (
  `id` int(16) unsigned NOT NULL auto_increment,
  `username` varchar(80) NOT NULL,
  `fname` varchar(80) NOT NULL,
  `lname` varchar(80) NOT NULL,
  `employee_type` enum('Regular','Intern','Contractor') NOT NULL default 'Regular',
  `supervisor_id` int(16) unsigned default NULL,
  `created` date NOT NULL,
  `modified` date NOT NULL,
  `password` varchar(80) default NULL,
  PRIMARY KEY  (`id`),
  UNIQUE KEY `fname` (`fname`,`lname`),
  UNIQUE KEY `username` (`username`)
) ENGINE=MyISAM DEFAULT CHARSET=latin1;

--
-- Dumping data for table `Person`
--


/*!40000 ALTER TABLE `Person` DISABLE KEYS */;
LOCK TABLES `Person` WRITE;
INSERT INTO `Person` VALUES (46,'mjackson','Michael','Jackson','Regular',43,'2010-03-30','2010-03-30',NULL),(43,'msprague','Michaelene','Sprague','Regular',0,'2010-03-29','2010-03-29','x+TRnfSk178kSVYkPHnTrXXi5hY='),(44,'droyal','Darwin','Royal','Regular',43,'2010-03-29','2010-03-29',NULL),(47,'gjones','Garrett','Jones','Regular',43,'2010-03-30','2010-03-30',NULL),(48,'cmeehan','Connor','Meehan','Regular',43,'2010-03-30','2010-03-30',NULL),(49,'vshepherd','Vince','Shepherd','Regular',43,'2010-03-30','2010-03-30',NULL),(50,'tewing','Tim','Ewing','Contractor',43,'2010-03-30','2010-03-30',NULL),(51,'jmusser','Jordon','Musser','Contractor',43,'2010-03-30','2010-03-30',NULL),(52,'ehereford','Eric','Hereford','Regular',43,'2010-03-30','2010-03-30',NULL),(53,'jmarsh','Jennifer','Marsh','Regular',43,'2010-03-30','2010-03-30',NULL),(54,'jwoosley','Jim','Woosley','Regular',43,'2010-03-30','2010-03-30',NULL),(55,'mlane','Mark','Lane','Contractor',43,'2010-03-30','2010-03-30',NULL),(56,'jbrewer','Julie','Brewer','Regular',45,'2010-03-30','2010-03-30',NULL),(57,'lsackett','Larry','Sackett','Contractor',43,'2010-03-30','2010-03-30',NULL),(58,'mmurphy','Michael','Murohy','Intern',45,'2010-03-30','2010-03-30',NULL),(59,'twilkerson','Taylor','Wilkerson','Intern',45,'2010-03-30','2010-03-30',NULL),(60,'mabebe','Meseret','Abebe','Regular',45,'2010-03-30','2010-03-30',NULL),(61,'ddroll','David','Droll','Regular',45,'2010-03-30','2010-03-30',NULL),(62,'jgibbs','Jonathan','Gibbs','Regular',45,'2010-03-30','2010-03-30',NULL),(63,'khawley','Kevin','Hawley','Regular',45,'2010-03-30','2010-03-30',NULL),(64,'ahernandez','Anthony','Hernandez','Regular',45,'2010-03-30','2010-03-30',NULL),(65,'wmereck','Wayne','Mereck','Regular',45,'2010-03-30','2010-03-30',NULL),(66,'kphariss','Kenny','Phariss','Regular',45,'2010-03-30','2010-03-30',NULL),(67,'hreinsch','Henry','Reinsch','Regular',45,'2010-03-30','2010-03-30',NULL),(68,'jterrell','Jesse','Terrell','Regular',45,'2010-03-30','2010-03-30',NULL),(69,'dwommack','Dennis','Wommack','Regular',45,'2010-03-30','2010-03-30',NULL),(45,'mhermesc','Martin','Hermesch','Regular',43,'2010-03-30','2010-03-30','+z03H14LqQIkSVYkr0v5RXAlUMU='),(73,'mrobb','Mike','Robb','Regular',NULL,'2010-04-09','2010-04-09','password'),(70,'tcallender','TC','Callender','Contractor',43,'2010-03-30','2010-03-30',NULL),(71,'mdeffeba','Mark','Deffebach','Contractor',43,'2010-03-30','2010-03-30',NULL),(72,'nedokpay','Nosa','Edokpayi','Contractor',43,'2010-03-30','2010-03-30',NULL);
UNLOCK TABLES;
/*!40000 ALTER TABLE `Person` ENABLE KEYS */;

--
-- Table structure for table `Project`
--

DROP TABLE IF EXISTS `Project`;
CREATE TABLE `Project` (
  `id` int(16) unsigned NOT NULL auto_increment,
  `name` varchar(80) NOT NULL,
  `created` date NOT NULL,
  `modified` date NOT NULL,
  `percent_direct` int(5) NOT NULL default '100',
  `future` int(1) NOT NULL default '0',
  `headcount_scaling` int(5) NOT NULL default '100',
  PRIMARY KEY  (`id`),
  UNIQUE KEY `name` (`name`)
) ENGINE=MyISAM DEFAULT CHARSET=latin1;

--
-- Dumping data for table `Project`
--


/*!40000 ALTER TABLE `Project` DISABLE KEYS */;
LOCK TABLES `Project` WRITE;
INSERT INTO `Project` VALUES (1,'Unplanned','2009-10-16','2009-10-16',100,0,100),(2,'IND - General','2009-10-16','2010-04-08',0,0,100),(44,'D859 - SWIFT','2010-01-08','2010-01-08',100,0,100),(4,'D088 - EIBU','2009-10-16','2009-10-16',100,0,100),(5,'D099 - GDMU','2009-10-16','2009-10-16',100,0,100),(6,'D111 - V22 CV Software','2009-10-16','2009-10-16',100,0,100),(7,'D112 - V22 MV Software','2009-10-16','2009-10-16',100,0,100),(8,'D429 - MP Phase II','2009-10-16','2009-10-16',100,0,100),(9,'D434 - ANVIS HUD PM Air Warrior','0000-00-00','0000-00-00',100,0,100),(10,'D450 - IHADSS-21 EM Tracker','2009-10-16','2009-10-16',100,0,100),(11,'D464 - USCG - HIDS','2009-10-16','2009-10-16',100,0,100),(12,'D514 - Bradley FY08','2009-10-16','2009-10-16',100,0,100),(13,'D515 - Bradley Production and C.S.','2009-10-16','2009-10-16',100,0,100),(14,'D517 - Bradley TPU Redesign','2009-10-16','2009-10-16',100,0,100),(15,'D596 - BMS M2C2','2009-10-16','2009-10-16',100,0,100),(16,'D621 - Griffin LRIP','2009-10-16','2009-10-16',100,0,100),(17,'D853 - Laser Test Table','2009-10-16','2009-10-16',100,0,100),(18,'D902 - Ground B&P','2009-10-16','2009-10-16',100,0,100),(19,'D912 - Ground M&S','2009-10-16','2009-10-16',100,0,100),(20,'D921 - Ground R&D','2009-10-16','2009-10-16',100,0,100),(21,'D940 - UAV M&S','2009-10-16','2009-10-16',100,0,100),(22,'D941 - UAS B&P','2009-10-16','2009-10-16',100,0,100),(23,'D942 - UAS IR&D','2009-10-16','2009-10-16',100,0,100),(24,'D960 - Airborne B&P','2009-10-16','2009-10-16',100,0,100),(25,'D970 - Airborne M&S','2009-10-16','2009-10-16',100,0,100),(26,'D980 - Airborne R&D','2009-10-16','2009-10-16',100,0,100),(27,'EP306 - V22 IAP','2009-10-16','2009-10-16',100,0,100),(29,'D945 - UAS Storm','2009-10-19','2009-10-19',100,0,100),(30,'D944 - UAS Dynamics BP','2009-10-19','2009-10-19',100,0,100),(31,'D943 - UASD MS','2009-10-19','2009-10-19',100,0,100),(32,'IND - Snowball Express','2009-10-19','2009-10-19',100,0,100),(33,'IND - Tools','2009-10-19','2009-10-19',100,0,100),(34,'D980 - Lonestar P3I','2009-10-19','2009-10-19',100,0,100),(35,'D624 - Griffin Production','2009-10-19','2009-10-19',100,0,100),(36,'D625 - JDAM Production','2009-10-19','2009-10-19',100,0,100),(37,'D921 - BEAGLE Robotics','2009-10-19','2009-10-19',100,0,100),(38,'Pathfinder - Australia','2009-11-05','2009-11-05',100,0,100),(39,'F-16 Ethernet','2009-11-05','2009-11-05',100,0,100),(40,'F-16 CMFDS','2009-11-05','2009-11-05',100,0,100),(41,'IND - Training','2009-11-05','2009-11-05',100,0,100),(42,'F-16 CDU','2010-01-06','2010-01-06',100,0,100),(43,'GSE','2010-01-06','2010-01-06',100,0,100),(45,'Bradley - SDU','2010-03-25','2010-03-25',100,0,100),(46,'RCMA-LAD-GADUI','2010-03-25','2010-03-25',100,0,100),(47,'ZUNI','2010-03-25','2010-03-25',100,0,100),(48,'F-16 CDU Contract','2010-03-29','2010-03-29',100,0,100),(49,'EP293 - C-17 RHUD','2010-03-29','2010-04-08',100,1,50),(50,'ASDC','2010-03-29','2010-03-29',100,0,100),(51,'D921 - BEAGLE Robotics Future','2010-03-29','2010-03-29',100,0,100),(52,'Test2','2010-03-29','2010-03-29',100,0,100),(53,'D500 - Firecon','2010-03-30','2010-03-30',100,0,100),(54,'D627 - JDAM miscellaneous','2010-03-30','2010-03-30',100,0,100),(55,'D436 IHADSS -21 Lot 1 Production','2010-03-30','2010-03-30',100,0,100),(56,'D468 - HH-60L MFDs','2010-03-30','2010-03-30',100,0,100),(57,'D514 - TPU redesign','2010-03-30','2010-03-30',100,0,100),(58,'D622 - Viper Strike ASAL','2010-03-30','2010-03-30',100,0,100),(59,'D626 - RMS Griffin SAL','2010-03-30','2010-03-30',100,0,100),(60,'D191 - V22 IAP','2010-03-30','2010-03-30',100,0,100),(61,'D199 - CDU Risk Order','2010-03-30','2010-03-30',100,0,100),(62,'D460 - IHADSS EO Tracker','2010-03-30','2010-03-30',100,0,100),(63,'D471 - HDTS','2010-03-30','2010-03-30',100,0,100),(64,'D469 - TVDL','2010-03-30','2010-03-30',100,0,100),(65,'D437 - HMS TACOM','2010-03-30','2010-03-30',100,0,100),(66,'D042 - DVR FAST','2010-03-30','2010-03-30',100,0,100),(67,'D472 - USCG ANVIS HUD','2010-03-30','2010-03-30',100,0,100),(71,'D501 - HIMARS FRP3','2010-03-31','2010-03-31',100,0,100),(72,'D084 - F16 CCIU MPL','2010-03-31','2010-03-31',100,0,100),(73,'D907 - Merrimac Green Lantern','2010-03-31','2010-03-31',100,0,100),(74,'D907 - Merrimac DIRCM','2010-03-31','2010-03-31',100,0,100),(75,'D980 - Dual Mode Seeker','2010-03-31','2010-03-31',100,0,100),(76,'D - ATAK KFIR','2010-04-08','2010-04-08',0,1,0),(77,'IND - Absences','2010-04-08','2010-04-08',0,0,100),(78,'EP369 ANG f16 DVR UPGRADES','2010-04-08','2010-04-08',100,1,50),(79,'EP278 F16 CDEEU DMS UPGRADE','2010-04-08','2010-04-08',100,1,30),(80,'EP283 DAMTC','2010-04-08','2010-04-08',100,1,100),(81,'EP302 ZUNI','2010-04-08','2010-04-08',100,1,80),(82,'EP361 BRADLEY ODSSA SDU','2010-04-08','2010-04-08',100,1,75),(83,'EP351 F16 ANG CDU','2010-04-08','2010-04-08',100,1,30);
UNLOCK TABLES;
/*!40000 ALTER TABLE `Project` ENABLE KEYS */;
/*!40103 SET TIME_ZONE=@OLD_TIME_ZONE */;

/*!40101 SET SQL_MODE=@OLD_SQL_MODE */;
/*!40014 SET FOREIGN_KEY_CHECKS=@OLD_FOREIGN_KEY_CHECKS */;
/*!40014 SET UNIQUE_CHECKS=@OLD_UNIQUE_CHECKS */;
/*!40101 SET CHARACTER_SET_CLIENT=@OLD_CHARACTER_SET_CLIENT */;
/*!40101 SET CHARACTER_SET_RESULTS=@OLD_CHARACTER_SET_RESULTS */;
/*!40101 SET COLLATION_CONNECTION=@OLD_COLLATION_CONNECTION */;
/*!40111 SET SQL_NOTES=@OLD_SQL_NOTES */;

